X,Y,height
0,0,-1
0,0.2,-0.98007
0,0.4,-0.92106
0,0.6,-0.82534
0,0.8,-0.69671
0,1,-0.5403
0,1.2,-0.36236
0,1.4,-0.16997
0,1.6,0.0292
0,1.8,0.2272
0,2,0.41615
0,2.2,0.5885
0,2.4,0.73739
0,2.6,0.85689
0,2.8,0.94222
0,3,0.98999
0,3.2,0.99829
0,3.4,0.9668
0,3.6,0.89676
0,3.8,0.79097
0,4,0.65364
0,4.2,0.49026
0,4.4,0.30733
0,4.6,0.11215
0,4.8,-0.0875
0,5,-0.28366
0,5.2,-0.46852
0,5.4,-0.63469
0,5.6,-0.77557
0,5.8,-0.88552
0,6,-0.96017
0,6.2,-0.99654
0,6.4,-0.99318
0,6.6,-0.95023
0,6.8,-0.8694
0,7,-0.7539
0,7.2,-0.60835
0,7.4,-0.43855
0,7.6,-0.25126
0,7.8,-0.05396
0,8,0.1455
0,8.2,0.33915
0,8.4,0.51929
0,8.6,0.67872
0,8.8,0.81109
0,9,0.91113
0,9.2,0.97484
0,9.4,0.99969
0,9.6,0.98469
0,9.8,0.93043
0,10,0.83907
0.2,0,-1.80133
0.2,0.2,-1.56279
0.2,0.4,-1.24611
0.2,0.6,-0.85599
0.2,0.8,-0.40007
0.2,1,0.11141
0.2,1.2,0.66597
0.2,1.4,1.24942
0.2,1.6,1.84642
0.2,1.8,2.4411
0.2,2,3.01766
0.2,2.2,3.56103
0.2,2.4,4.05749
0.2,2.6,4.49515
0.2,2.8,4.86448
0.2,3,5.15869
0.2,3.2,5.37397
0.2,3.4,5.50964
0.2,3.6,5.56823
0.2,3.8,5.55532
0.2,4,5.47934
0.2,4.2,5.35125
0.2,4.4,5.18406
0.2,4.6,4.99237
0.2,4.8,4.79174
0.2,5,4.59808
0.2,5.2,4.42704
0.2,5.4,4.29336
0.2,5.6,4.21028
0.2,5.8,4.18904
0.2,6,4.23841
0.2,6.2,4.36433
0.2,6.4,4.56972
0.2,6.6,4.85429
0.2,6.8,5.21463
0.2,7,5.64429
0.2,7.2,6.13406
0.2,7.4,6.67234
0.2,7.6,7.24558
0.2,7.8,7.83886
0.2,8,8.43644
0.2,8.2,9.02242
0.2,8.4,9.58136
0.2,8.6,10.09889
0.2,8.8,10.56231
0.2,9,10.96105
0.2,9.2,11.28715
0.2,9.4,11.53551
0.2,9.6,11.70417
0.2,9.8,11.79432
0.2,10,11.81028
0.4,0,-2.61058
0.4,0.2,-2.16136
0.4,0.4,-1.59493
0.4,0.6,-0.91833
0.4,0.8,-0.14303
0.4,1,0.7156
0.4,1.2,1.63886
0.4,1.4,2.60545
0.4,1.6,3.59236
0.4,1.8,4.57579
0.4,2,5.53204
0.4,2.2,6.43852
0.4,2.4,7.27462
0.4,2.6,8.02252
0.4,2.8,8.66794
0.4,3,9.20067
0.4,3.2,9.615
0.4,3.4,9.90992
0.4,3.6,10.08922
0.4,3.8,10.16127
0.4,4,10.13872
0.4,4.2,10.03799
0.4,4.4,9.87862
0.4,4.6,9.6825
0.4,4.8,9.47296
0.4,5,9.27389
0.4,5.2,9.10875
0.4,5.4,8.99963
0.4,5.6,8.96643
0.4,5.8,9.02599
0.4,6,9.19146
0.4,6.2,9.47176
0.4,6.4,9.87125
0.4,6.6,10.38953
0.4,6.8,11.02145
0.4,7,11.75735
0.4,7.2,12.58342
0.4,7.4,13.48226
0.4,7.6,14.43354
0.4,7.8,15.41487
0.4,8,16.40265
0.4,8.2,17.37303
0.4,8.4,18.30285
0.4,8.6,19.17057
0.4,8.8,19.9571
0.4,9,20.64663
0.4,9.2,21.22719
0.4,9.4,21.69116
0.4,9.6,22.03556
0.4,9.8,22.2622
0.4,10,22.37755
0.6,0,-3.43536
0.6,0.2,-2.79098
0.6,0.4,-1.99032
0.6,0.6,-1.04277
0.6,0.8,0.03639
0.6,1,1.22665
0.6,1.2,2.50307
0.6,1.4,3.83727
0.6,1.6,5.19858
0.6,1.8,6.55523
0.6,2,7.87565
0.6,2.2,9.12971
0.6,2.4,10.28993
0.6,2.6,11.33255
0.6,2.8,12.23853
0.6,3,12.99425
0.6,3.2,13.5921
0.6,3.4,14.03076
0.6,3.6,14.31524
0.6,3.8,14.45672
0.6,4,14.47207
0.6,4.2,14.38318
0.6,4.4,14.21611
0.6,4.6,14.00003
0.6,4.8,13.76607
0.6,5,13.54606
0.6,5.2,13.37128
0.6,5.4,13.27122
0.6,5.6,13.27237
0.6,5.8,13.3972
0.6,6,13.66324
0.6,6.2,14.08239
0.6,6.4,14.66046
0.6,6.6,15.39691
0.6,6.8,16.2849
0.6,7,17.31152
0.6,7.2,18.45837
0.6,7.4,19.70222
0.6,7.6,21.01602
0.6,7.8,22.36988
0.6,8,23.73234
0.6,8.2,25.0716
0.6,8.4,26.35678
0.6,8.6,27.55915
0.6,8.8,28.65328
0.6,9,29.61807
0.6,9.2,30.43757
0.6,9.4,31.10161
0.6,9.6,31.60623
0.6,9.8,31.95383
0.6,10,32.15305
0.8,0,-4.28264
0.8,0.2,-3.46562
0.8,0.4,-2.45324
0.8,0.6,-1.25725
0.8,0.8,0.10325
0.8,1,1.60263
0.8,1.2,3.2097
0.8,1.4,4.88901
0.8,1.6,6.6022
0.8,1.8,8.30957
0.8,2,9.97165
0.8,2.2,11.55078
0.8,2.4,13.0126
0.8,2.6,14.32743
0.8,2.8,15.47145
0.8,3,16.42766
0.8,3.2,17.18653
0.8,3.4,17.7464
0.8,3.6,18.11356
0.8,3.8,18.30196
0.8,4,18.3327
0.8,4.2,18.23314
0.8,4.4,18.03585
0.8,4.6,17.77731
0.8,4.8,17.49641
0.8,5,17.23295
0.8,5.2,17.02603
0.8,5.4,16.91251
0.8,5.6,16.9255
0.8,5.8,17.09309
0.8,6,17.43719
0.8,6.2,17.97268
0.8,6.4,18.70683
0.8,6.6,19.63894
0.8,6.8,20.76048
0.8,7,22.05531
0.8,7.2,23.50042
0.8,7.4,25.06679
0.8,7.6,26.72059
0.8,7.8,28.42447
0.8,8,30.1391
0.8,8.2,31.82473
0.8,8.4,33.44276
0.8,8.6,34.95727
0.8,8.8,36.33649
0.8,9,37.55403
0.8,9.2,38.58995
0.8,9.4,39.43156
0.8,9.6,40.07389
0.8,9.8,40.51994
0.8,10,40.78052
1,0,-5.15853
1,0.2,-4.19746
1,0.4,-3.00195
1,0.6,-1.58613
1,0.8,0.02711
1,1,1.80701
1,1.2,3.71615
1,1.4,5.71197
1,1.6,7.74844
1,1.8,9.77792
1,2,11.75306
1,2.2,13.62866
1,2.4,15.36349
1,2.6,16.92193
1,2.8,18.2754
1,3,19.40349
1,3.2,20.29478
1,3.4,20.94727
1,3.6,21.3685
1,3.8,21.57523
1,4,21.59275
1,4.2,21.45393
1,4.4,21.19783
1,4.6,20.86822
1,4.8,20.51178
1,5,20.17627
1,5.2,19.90862
1,5.4,19.75303
1,5.6,19.74926
1,5.8,19.93101
1,6,20.32458
1,6.2,20.94782
1,6.4,21.80943
1,6.6,22.90862
1,6.8,24.2351
1,7,25.76954
1,7.2,27.48432
1,7.4,29.34461
1,7.6,31.30981
1,7.8,33.33511
1,8,35.37331
1,8.2,37.37671
1,8.4,39.29898
1,8.6,41.09704
1,8.8,42.73275
1,9,44.17445
1,9.2,45.3982
1,9.4,46.38877
1,9.6,47.14021
1,9.8,47.65611
1,10,47.94945
1.2,0,-6.06796
1.2,0.2,-4.99639
1.2,0.4,-3.65131
1.2,0.6,-2.04919
1.2,0.8,-0.21675
1.2,1,1.81012
1.2,1.2,3.98777
1.2,1.4,6.26654
1.2,1.6,8.59275
1.2,1.8,10.91081
1.2,2,13.16546
1.2,2.2,15.30398
1.2,2.4,17.27826
1.2,2.6,19.04677
1.2,2.8,20.57614
1.2,3,21.84257
1.2,3.2,22.83273
1.2,3.4,23.54429
1.2,3.6,23.98605
1.2,3.8,24.17756
1.2,4,24.14833
1.2,4.2,23.93669
1.2,4.4,23.58823
1.2,4.6,23.15401
1.2,4.8,22.68848
1.2,5,22.24738
1.2,5.2,21.88544
1.2,5.4,21.65424
1.2,5.6,21.60017
1.2,5.8,21.76254
1.2,6,22.17202
1.2,6.2,22.84946
1.2,6.4,23.805
1.2,6.6,25.0377
1.2,6.8,26.53559
1.2,7,28.27609
1.2,7.2,30.22699
1.2,7.4,32.34765
1.2,7.6,34.59071
1.2,7.8,36.90388
1.2,8,39.2321
1.2,8.2,41.51973
1.2,8.4,43.7127
1.2,8.6,45.76076
1.2,8.8,47.61941
1.2,9,49.25171
1.2,9.2,50.62974
1.2,9.4,51.73573
1.2,9.6,52.56273
1.2,9.8,53.11494
1.2,10,53.40749
1.4,0,-7.01455
1.4,0.2,-5.86963
1.4,0.4,-4.41214
1.4,0.6,-2.66089
1.4,0.8,-0.64641
1.4,1,1.59028
1.4,1.2,3.99929
1.4,1.4,6.52386
1.4,1.6,9.10264
1.4,1.8,11.67211
1.4,2,14.16912
1.4,2.2,16.53341
1.4,2.4,18.71
1.4,2.6,20.65141
1.4,2.8,22.31952
1.4,3,23.68714
1.4,3.2,24.739
1.4,3.4,25.47248
1.4,3.6,25.89761
1.4,3.8,26.03674
1.4,4,25.92359
1.4,4.2,25.60198
1.4,4.4,25.12401
1.4,4.6,24.54801
1.4,4.8,23.93625
1.4,5,23.3524
1.4,5.2,22.85901
1.4,5.4,22.51505
1.4,5.6,22.37352
1.4,5.8,22.47934
1.4,6,22.86758
1.4,6.2,23.56205
1.4,6.4,24.57436
1.4,6.6,25.90343
1.4,6.8,27.53556
1.4,7,29.44497
1.4,7.2,31.59483
1.4,7.4,33.93871
1.4,7.6,36.42246
1.4,7.8,38.98635
1.4,8,41.56744
1.4,8.2,44.10213
1.4,8.4,46.52865
1.4,8.6,48.78955
1.4,8.8,50.83398
1.4,9,52.61973
1.4,9.2,54.11489
1.4,9.4,55.29913
1.4,9.6,56.16454
1.4,9.8,56.7159
1.4,10,56.97051
1.6,0,-8.00043
1.6,0.2,-6.82145
1.6,0.4,-5.29083
1.6,0.6,-3.42973
1.6,0.8,-1.27249
1.6,1,1.13472
1.6,1.2,3.7358
1.6,1.4,6.46688
1.6,1.6,9.25896
1.6,1.8,12.04055
1.6,2,14.74063
1.6,2.2,17.29139
1.6,2.4,19.631
1.6,2.6,21.70603
1.6,2.8,23.47361
1.6,3,24.90311
1.6,3.2,25.9774
1.6,3.4,26.69351
1.6,3.6,27.06272
1.6,3.8,27.11018
1.6,4,26.87384
1.6,4.2,26.40297
1.6,4.4,25.75619
1.6,4.6,24.99914
1.6,4.8,24.20185
1.6,5,23.43595
1.6,5.2,22.77184
1.6,5.4,22.27583
1.6,5.6,22.00754
1.6,5.8,22.01753
1.6,6,22.34525
1.6,6.2,23.01748
1.6,6.4,24.04726
1.6,6.6,25.43341
1.6,6.8,27.1605
1.6,7,29.19953
1.6,7.2,31.50906
1.6,7.4,34.03687
1.6,7.6,36.72203
1.6,7.8,39.49735
1.6,8,42.29202
1.6,8.2,45.03449
1.6,8.4,47.65526
1.6,8.6,50.08972
1.6,8.8,52.28065
1.6,9,54.18056
1.6,9.2,55.75355
1.6,9.4,56.97677
1.6,9.6,57.8413
1.6,9.8,58.35252
1.6,10,58.5299
1.8,0,-9.02615
1.8,0.2,-7.85297
1.8,0.4,-6.28907
1.8,0.6,-4.35797
1.8,0.8,-2.09783
1.8,1,0.44006
1.8,1.2,3.19336
1.8,1.4,6.09111
1.8,1.6,9.05662
1.8,1.8,12.0105
1.8,2,14.87379
1.8,2.2,17.57118
1.8,2.4,20.03396
1.8,2.6,22.20275
1.8,2.8,24.02994
1.8,3,25.48149
1.8,3.2,26.53836
1.8,3.4,27.19724
1.8,3.6,27.47069
1.8,3.8,27.38663
1.8,4,26.98724
1.8,4.2,26.32726
1.8,4.4,25.47182
1.8,4.6,24.49387
1.8,4.8,23.4712
1.8,5,22.48342
1.8,5.2,21.60872
1.8,5.4,20.9208
1.8,5.6,20.48592
1.8,5.8,20.36023
1.8,6,20.58757
1.8,6.2,21.1977
1.8,6.4,22.20512
1.8,6.6,23.60849
1.8,6.8,25.39069
1.8,7,27.51949
1.8,7.2,29.94885
1.8,7.4,32.62074
1.8,7.6,35.46746
1.8,7.8,38.41435
1.8,8,41.38275
1.8,8.2,44.29315
1.8,8.4,47.06833
1.8,8.6,49.6365
1.8,8.8,51.93407
1.8,9,53.90829
1.8,9.2,55.51927
1.8,9.4,56.74162
1.8,9.6,57.56541
1.8,9.8,57.99664
1.8,10,58.05694
2,0,-10.0907
2,0.2,-8.96214
2,0.4,-7.40378
2,0.6,-5.4415
2,0.8,-3.11729
2,1,-0.48754
2,1.2,2.37915
2,1.4,5.40474
2,1.6,8.50487
2,1.8,11.5922
2,2,14.57989
2,2.2,17.38508
2,2.4,19.9322
2,2.6,22.15594
2,2.8,24.00391
2,3,25.43868
2,3.2,26.4393
2,3.4,27.00213
2,3.6,27.14099
2,3.8,26.88659
2,4,26.28533
2,4.2,25.39741
2,4.4,24.2945
2,4.6,23.05682
2,4.8,21.76995
2,5,20.52145
2,5.2,19.39735
2,5.4,18.47871
2,5.6,17.8384
2,5.8,17.53821
2,6,17.62635
2,6.2,18.13555
2,6.4,19.08178
2,6.6,20.46355
2,6.8,22.26204
2,7,24.44178
2,7.2,26.95214
2,7.4,29.72928
2,7.6,32.69874
2,7.8,35.77839
2,8,38.88169
2,8.2,41.9212
2,8.4,44.81196
2,8.6,47.47501
2,8.8,49.84041
2,9,51.85011
2,9.2,53.46026
2,9.4,54.6429
2,9.6,55.38714
2,9.8,55.69956
2,10,55.60396
2.2,0,-11.1915
2.2,0.2,-10.14381
2.2,0.4,-8.62724
2.2,0.6,-6.67004
2.2,0.8,-4.318
2.2,1,-1.63265
2.2,1.2,1.31118
2.2,1.4,4.42837
2.2,1.6,7.62686
2.2,1.8,10.81139
2.2,2,13.88722
2.2,2.2,16.76397
2.2,2.4,19.35918
2.2,2.6,21.60161
2.2,2.8,23.43411
2.2,3,24.81585
2.2,3.2,25.72398
2.2,3.4,26.15451
2.2,3.6,26.12253
2.2,3.8,25.66154
2.2,4,24.82215
2.2,4.2,23.67005
2.2,4.4,22.28341
2.2,4.6,20.74974
2.2,4.8,19.16242
2.2,5,17.61696
2.2,5.2,16.2072
2.2,5.4,15.02158
2.2,5.6,14.13961
2.2,5.8,13.62866
2.2,6,13.54135
2.2,6.2,13.91338
2.2,6.4,14.76216
2.2,6.6,16.08609
2.2,6.8,17.8646
2.2,7,20.05904
2.2,7.2,22.61415
2.2,7.4,25.4603
2.2,7.6,28.51624
2.2,7.8,31.69239
2.2,8,34.89435
2.2,8.2,38.02671
2.2,8.4,40.99681
2.2,8.6,43.71848
2.2,8.8,46.11545
2.2,9,48.1244
2.2,9.2,49.69745
2.2,9.4,50.80414
2.2,9.6,51.43258
2.2,9.8,51.58994
2.2,10,51.30217
2.4,0,-12.32454
2.4,0.2,-11.38994
2.4,0.4,-9.9474
2.4,0.6,-8.02751
2.4,0.8,-5.67987
2.4,1,-2.97115
2.4,1.2,0.01759
2.4,1.4,3.19413
2.4,1.6,6.45876
2.4,1.8,9.70826
2.4,2,12.84
2.4,2.2,15.75607
2.4,2.4,18.36714
2.4,2.6,20.59604
2.4,2.8,22.38084
2.4,3,23.67731
2.4,3.2,24.46071
2.4,3.4,24.72671
2.4,3.6,24.49166
2.4,3.8,23.79184
2.4,4,22.68209
2.4,4.2,21.23358
2.4,4.4,19.53098
2.4,4.6,17.6691
2.4,4.8,15.74909
2.4,5,13.87443
2.4,5.2,12.14679
2.4,5.4,10.66196
2.4,5.6,9.50608
2.4,5.8,8.75214
2.4,6,8.45714
2.4,6.2,8.65977
2.4,6.4,9.37888
2.4,6.6,10.61272
2.4,6.8,12.33904
2.4,7,14.51595
2.4,7.2,17.08357
2.4,7.4,19.96649
2.4,7.6,23.07669
2.4,7.8,26.31711
2.4,8,29.58549
2.4,8.2,32.77847
2.4,8.4,35.79567
2.4,8.6,38.54374
2.4,8.8,40.94005
2.4,9,42.916
2.4,9.2,44.41974
2.4,9.4,45.41824
2.4,9.6,45.89864
2.4,9.8,45.8687
2.4,10,45.35655
2.6,0,-13.4845
2.6,0.2,-12.68993
2.6,0.4,-11.34835
2.6,0.6,-9.49269
2.6,0.8,-7.17639
2.6,1,-4.47122
2.6,1.2,-1.4645
2.6,1.4,1.74447
2.6,1.6,5.04831
2.6,1.8,8.33584
2.6,2,11.49657
2.6,2.2,14.42503
2.6,2.4,17.02503
2.6,2.6,19.21346
2.6,2.8,20.92363
2.6,3,22.10792
2.6,3.2,22.73965
2.6,3.4,22.8142
2.6,3.6,22.34914
2.6,3.8,21.38358
2.6,4,19.97654
2.6,4.2,18.20468
2.6,4.4,16.15919
2.6,4.6,13.94217
2.6,4.8,11.66255
2.6,5,9.43177
2.6,5.2,7.3593
2.6,5.4,5.54834
2.6,5.6,4.09162
2.6,5.8,3.06777
2.6,6,2.53816
2.6,6.2,2.54445
2.6,6.4,3.10696
2.6,6.6,4.22379
2.6,6.8,5.87098
2.6,7,8.00342
2.6,7.2,10.55663
2.6,7.4,13.44939
2.6,7.6,16.58692
2.6,7.8,19.86468
2.6,8,23.17256
2.6,8.2,26.39923
2.6,8.4,29.4366
2.6,8.6,32.18414
2.6,8.8,34.55286
2.6,9,36.46889
2.6,9.2,37.87638
2.6,9.4,38.73977
2.6,9.6,39.0452
2.6,9.8,38.80104
2.6,10,38.03757
2.8,0,-14.66501
2.8,0.2,-14.03102
2.8,0.4,-12.81095
2.8,0.6,-11.04008
2.8,0.8,-8.77566
2.8,1,-6.09461
2.8,1.2,-3.09045
2.8,1.4,0.1304
2.8,1.6,3.45289
2.8,1.8,6.75791
2.8,2,9.92707
2.8,2.2,12.84737
2.8,2.4,15.41575
2.8,2.6,17.54317
2.8,2.8,19.15816
2.8,3,20.2097
2.8,3.2,20.66922
2.8,3.4,20.53176
2.8,3.6,19.81615
2.8,3.8,18.56428
2.8,4,16.83941
2.8,4.2,14.72365
2.8,4.4,12.31472
2.8,4.6,9.722
2.8,4.8,7.06222
2.8,5,4.45476
2.8,5.2,2.01693
2.8,5.4,-0.14072
2.8,5.6,-1.91883
2.8,5.8,-3.23315
2.8,6,-4.01792
2.8,6.2,-4.22851
2.8,6.4,-3.84316
2.8,6.6,-2.86389
2.8,6.8,-1.31638
2.8,7,0.75104
2.8,7.2,3.26929
2.8,7.4,6.15134
2.8,7.6,9.29564
2.8,7.8,12.59019
2.8,8,15.91701
2.8,8.2,19.15683
2.8,8.4,22.19382
2.8,8.6,24.92028
2.8,8.8,27.24086
2.8,9,29.07641
2.8,9.2,30.3671
2.8,9.4,31.07483
2.8,9.6,31.18474
2.8,9.8,30.7058
2.8,10,29.67047
3,0,-15.85888
3,0.2,-15.39883
3,0.4,-14.31362
3,0.6,-12.64089
3,0.8,-10.44171
3,1,-7.79812
3,1.2,-4.80988
3,1.4,-1.59051
3,1.6,1.73727
3,1.8,5.04643
3,2,8.21067
3,2.2,11.10946
3,2.4,13.63286
3,2.6,15.6859
3,2.8,17.19236
3,3,18.0978
3,3.2,18.37176
3,3.4,18.00893
3,3.6,17.02941
3,3.8,15.47788
3,4,13.42182
3,4.2,10.94881
3,4.4,8.16309
3,4.6,5.18132
3,4.8,2.12802
3,5,-0.86947
3,5.2,-3.68603
3,5.4,-6.20373
3,5.6,-8.31657
3,5.8,-9.93471
3,6,-10.988
3,6.2,-11.42883
3,6.4,-11.234
3,6.6,-10.40564
3,6.8,-8.97116
3,7,-6.98212
3,7.2,-4.51218
3,7.4,-1.6542
3,7.6,1.48352
3,7.8,4.78151
3,8,8.11392
3,8.2,11.35352
3,8.4,14.37678
3,8.6,17.0688
3,8.8,19.32789
3,9,21.0696
3,9.2,22.23014
3,9.4,22.76885
3,9.6,22.66989
3,9.8,21.94282
3,10,20.62226
3.2,0,-17.05837
3.2,0.2,-16.77788
3.2,0.4,-15.83316
3.2,0.6,-14.2642
3.2,0.8,-12.13588
3.2,1,-9.53538
3.2,1.2,-6.5687
3.2,1.4,-3.35643
3.2,1.6,-0.02898
3.2,1.8,3.27869
3.2,2,6.43238
3.2,2.2,9.30403
3.2,2.4,11.77683
3.2,2.6,13.74987
3.2,2.8,15.14217
3.2,3,15.89589
3.2,3.2,15.97865
3.2,3.4,15.38483
3.2,3.6,14.13578
3.2,3.8,12.27897
3.2,4,9.88608
3.2,4.2,7.0502
3.2,4.4,3.88205
3.2,4.6,0.50561
3.2,4.8,-2.94684
3.2,5,-6.33998
3.2,5.2,-9.54089
3.2,5.4,-12.42425
3.2,5.6,-14.87747
3.2,5.8,-16.80506
3.2,6,-18.13249
3.2,6.2,-18.80919
3.2,6.4,-18.81049
3.2,6.6,-18.13867
3.2,6.8,-16.82285
3.2,7,-14.91781
3.2,7.2,-12.50182
3.2,7.4,-9.67352
3.2,7.6,-6.54801
3.2,7.8,-3.25221
3.2,8,0.08016
3.2,8.2,3.31392
3.2,8.4,6.31782
3.2,8.6,8.96978
3.2,8.8,11.16174
3.2,9,12.804
3.2,9.2,13.82876
3.2,9.4,14.19282
3.2,9.6,13.87936
3.2,9.8,12.89854
3.2,10,11.28713
3.4,0,-18.25554
3.4,0.2,-18.15228
3.4,0.4,-17.34572
3.4,0.6,-15.87821
3.4,0.8,-13.81843
3.4,1,-11.25869
3.4,1.2,-8.31123
3.4,1.4,-5.10374
3.4,1.6,-1.77428
3.4,1.8,1.53423
3.4,2,4.67969
3.4,2.2,7.52653
3.4,2.4,9.95105
3.4,2.6,11.84642
3.4,2.8,13.12689
3.4,3,13.73121
3.4,3.2,13.62511
3.4,3.4,12.80263
3.4,3.6,11.28637
3.4,3.8,9.1266
3.4,4,6.39922
3.4,4.2,3.20279
3.4,4.4,-0.34545
3.4,4.6,-4.11424
3.4,4.8,-7.96351
3.4,5,-11.74999
3.4,5.2,-15.33291
3.4,5.4,-18.57962
3.4,5.6,-21.37088
3.4,5.8,-23.60558
3.4,6,-25.20484
3.4,6.2,-26.11507
3.4,6.4,-26.31018
3.4,6.6,-25.79258
3.4,6.8,-24.59309
3.4,7,-22.76972
3.4,7.2,-20.40534
3.4,7.4,-17.60441
3.4,7.6,-14.48878
3.4,7.8,-11.19284
3.4,8,-7.85818
3.4,8.2,-4.62794
3.4,8.4,-1.64107
3.4,8.6,0.97315
3.4,8.8,3.10032
3.4,9,4.64545
3.4,9.2,5.53675
3.4,9.4,5.7285
3.4,9.6,5.20287
3.4,9.8,3.97062
3.4,10,2.07069
3.6,0,-19.44252
3.6,0.2,-19.50631
3.6,0.4,-18.82772
3.6,0.6,-17.45146
3.6,0.8,-15.45003
3.6,1,-12.92087
3.6,1.2,-9.98244
3.6,1.4,-6.76954
3.6,1.6,-3.42789
3.6,1.8,-0.10836
3.6,2,3.03907
3.6,2.2,5.87128
3.6,2.4,8.25771
3.6,2.6,10.0856
3.6,2.8,11.26442
3.6,3,11.72953
3.6,3.2,11.44475
3.6,3.4,10.4038
3.6,3.6,8.63052
3.6,3.8,6.17798
3.6,4,3.1263
3.6,4.2,-0.42049
3.6,4.4,-4.33865
3.6,4.6,-8.48959
3.6,4.8,-12.72549
3.6,5,-16.89511
3.6,5.2,-20.84987
3.6,5.4,-24.44974
3.6,5.6,-27.56884
3.6,5.8,-30.10048
3.6,6,-31.96137
3.6,6.2,-33.09495
3.6,6.4,-33.47369
3.6,6.6,-33.10011
3.6,6.8,-32.00677
3.6,7,-30.25488
3.6,7.2,-27.93193
3.6,7.4,-25.14818
3.6,7.6,-22.03223
3.6,7.8,-18.72597
3.6,8,-15.37884
3.6,8.2,-12.14192
3.6,8.4,-9.16189
3.6,8.6,-6.57522
3.6,8.8,-4.50265
3.6,9,-3.04447
3.6,9.2,-2.27643
3.6,9.4,-2.24681
3.6,9.6,-2.97443
3.6,9.8,-4.44792
3.6,10,-6.62618
3.8,0,-20.61186
3.8,0.2,-20.82505
3.8,0.4,-20.25679
3.8,0.6,-18.95414
3.8,0.8,-16.99342
3.8,1,-14.47719
3.8,1.2,-11.53016
3.8,1.4,-8.29421
3.8,1.6,-4.92273
3.8,1.8,-1.57454
3.8,2,1.5925
3.8,2.2,4.42773
3.8,2.4,6.79372
3.8,2.6,8.57176
3.8,2.8,9.66658
3.8,3,10.01012
3.8,3.2,9.56431
3.8,3.4,8.32252
3.8,3.6,6.30987
3.8,3.8,3.5822
3.8,4,0.22386
3.8,4.2,-3.65566
3.8,4.4,-7.92607
3.8,4.6,-12.44154
3.8,4.8,-17.04643
3.8,5,-21.58155
3.8,5.2,-25.8905
3.8,5.4,-29.82588
3.8,5.6,-33.2552
3.8,5.8,-36.06613
3.8,6,-38.171
3.8,6.2,-39.51029
3.8,6.4,-40.05501
3.8,6.6,-39.80782
3.8,6.8,-38.80298
3.8,7,-37.10493
3.8,7.2,-34.80577
3.8,7.4,-32.02155
3.8,7.6,-28.88765
3.8,7.8,-25.55342
3.8,8,-22.17617
3.8,8.2,-18.91493
3.8,8.4,-15.92412
3.8,8.6,-13.34735
3.8,8.8,-11.31174
3.8,9,-9.92286
3.8,9.2,-9.26045
3.8,9.4,-9.37532
3.8,9.6,-10.28728
3.8,9.8,-11.98437
3.8,10,-14.42332
4,0,-21.7568
4,0.2,-22.095
4,0.4,-21.61269
4,0.6,-20.35926
4,0.8,-18.41485
4,1,-15.88716
4,1.2,-12.90713
4,1.4,-9.62373
4,1.6,-6.19803
4,1.8,-2.79678
4,2,0.41426
4,2.2,3.27689
4,2.4,5.64684
4,2.6,7.39943
4,2.8,8.43463
4,3,8.681
4,3.2,8.09855
4,3.4,6.68032
4,3.6,4.45268
4,3.8,1.47427
4,4,-2.16634
4,4.2,-6.35418
4,4.4,-10.95247
4,4.6,-15.80806
4,4.8,-20.75754
4,5,-25.63377
4,5.2,-30.27252
4,5.4,-34.51902
4,5.6,-38.23416
4,5.8,-41.29998
4,6,-43.62445
4,6.2,-45.14506
4,6.4,-45.83137
4,6.6,-45.68617
4,6.8,-44.74543
4,7,-43.07684
4,7.2,-40.77707
4,7.4,-37.96799
4,7.6,-34.79175
4,7.8,-31.40516
4,8,-27.9734
4,8.2,-24.66345
4,8.4,-21.63745
4,8.6,-19.04619
4,8.8,-17.02316
4,9,-15.67918
4,9.2,-15.098
4,9.4,-15.33297
4,9.6,-16.40488
4,9.8,-18.30117
4,10,-20.97643
4.2,0,-22.87158
4.2,0.2,-23.30462
4.2,0.4,-22.87807
4.2,0.6,-21.64369
4.2,0.8,-19.68543
4.2,1,-17.11611
4.2,1.2,-14.0729
4.2,1.4,-10.71188
4.2,1.6,-7.20179
4.2,1.8,-3.71731
4.2,2,-0.4321
4.2,2.2,2.48812
4.2,2.4,4.89218
4.2,2.6,6.64949
4.2,2.8,7.65525
4.2,3,7.83462
4.2,3.2,7.1457
4.2,3.4,5.5812
4.2,3.6,3.16875
4.2,3.8,-0.03023
4.2,4,-3.92293
4.2,4.2,-8.38893
4.2,4.4,-13.28492
4.2,4.6,-18.45046
4.2,4.8,-23.71437
4.2,5,-28.90154
4.2,5.2,-33.83991
4.2,5.4,-38.36736
4.2,5.6,-42.33815
4.2,5.8,-45.6287
4.2,6,-48.1426
4.2,6.2,-49.81435
4.2,6.4,-50.61207
4.2,6.6,-50.53869
4.2,6.8,-49.6319
4.2,7,-47.96258
4.2,7.2,-45.63203
4.2,7.4,-42.76792
4.2,7.6,-39.51917
4.2,7.8,-36.05005
4.2,8,-32.53361
4.2,8.2,-29.14478
4.2,8.4,-26.05341
4.2,8.6,-23.41749
4.2,8.8,-21.37686
4.2,9,-20.04762
4.2,9.2,-19.5175
4.2,9.4,-19.84239
4.2,9.6,-21.04408
4.2,9.8,-23.10941
4.2,10,-25.99079
4.4,0,-23.9516
4.4,0.2,-24.44474
4.4,0.4,-24.03921
4.4,0.6,-22.78913
4.4,0.8,-20.78226
4.4,1,-18.13657
4.4,1.2,-14.99544
4.4,1.4,-11.52206
4.4,1.6,-7.89283
4.4,1.8,-4.29037
4.4,2,-0.89625
4.4,2.2,2.1163
4.4,2.4,4.58923
4.4,2.6,6.38601
4.4,2.8,7.39708
4.4,3,7.54419
4.4,3.2,6.78354
4.4,3.4,5.10752
4.4,3.6,2.545
4.4,3.8,-0.83978
4.4,4,-4.94984
4.4,4.2,-9.65925
4.4,4.4,-14.81819
4.4,4.6,-20.25894
4.4,4.8,-25.80253
4.4,5,-31.26588
4.4,5.2,-36.46914
4.4,5.4,-41.24279
4.4,5.6,-45.43448
4.4,5.8,-48.91501
4.4,6,-51.58358
4.4,6.2,-53.37173
4.4,6.4,-54.24612
4.4,6.6,-54.20982
4.4,6.8,-53.30221
4.4,7,-51.59743
4.4,7.2,-49.20136
4.4,7.4,-46.24747
4.4,7.6,-42.89146
4.4,7.8,-39.30506
4.4,8,-35.66918
4.4,8.2,-32.16673
4.4,8.4,-28.97525
4.4,8.6,-26.25993
4.4,8.8,-24.16695
4.4,9,-22.8177
4.4,9.2,-22.30389
4.4,9.4,-22.68396
4.4,9.6,-23.98068
4.4,9.8,-26.1803
4.4,10,-29.23306
4.6,0,-24.99369
4.6,0.2,-25.50898
4.6,0.4,-25.08654
4.6,0.6,-23.78282
4.6,0.8,-21.68942
4.6,1,-18.9294
4.6,1.2,-15.65242
4.6,1.4,-12.02874
4.6,1.6,-8.24243
4.6,1.8,-4.48406
4.6,2,-0.94308
4.6,2.2,2.19973
4.6,2.4,4.77947
4.6,2.6,6.65366
4.6,2.8,7.70797
4.6,3,7.86076
4.6,3.2,7.06633
4.6,3.4,5.31672
4.6,3.6,2.64207
4.6,3.8,-0.89059
4.6,4,-5.18006
4.6,4.2,-10.09494
4.6,4.4,-15.4789
4.6,4.6,-21.15692
4.6,4.8,-26.94225
4.6,5,-32.64386
4.6,5.2,-38.07406
4.6,5.4,-43.05598
4.6,5.6,-47.43062
4.6,5.8,-51.0632
4.6,6,-53.84851
4.6,6.2,-55.71512
4.6,6.4,-56.62824
4.6,6.6,-56.59108
4.6,6.8,-55.64472
4.6,7,-53.86653
4.6,7.2,-51.367
4.6,7.4,-48.28539
4.6,7.6,-44.78419
4.6,7.8,-41.04257
4.6,8,-37.24933
4.6,8.2,-33.59531
4.6,8.4,-30.26579
4.6,8.6,-27.43312
4.6,8.8,-25.24986
4.6,9,-23.84266
4.6,9.2,-23.30723
4.6,9.4,-23.70454
4.6,9.6,-25.05835
4.6,9.8,-27.35432
4.6,10,-30.54052
4.8,0,-25.99616
4.8,0.2,-26.49399
4.8,0.4,-26.01502
4.8,0.6,-24.61805
4.8,0.8,-22.39849
4.8,1,-19.48455
4.8,1.2,-16.0321
4.8,1.4,-12.2185
4.8,1.6,-8.23549
4.8,1.8,-4.28159
4.8,2,-0.55414
4.8,2.2,2.75855
4.8,2.4,5.4847
4.8,2.6,7.47591
4.8,2.8,8.61309
4.8,3,8.81118
4.8,3.2,8.02257
4.8,3.4,6.23899
4.8,3.6,3.49183
4.8,3.8,-0.1491
4.8,4,-4.57837
4.8,4.2,-9.6591
4.8,4.4,-15.22846
4.8,4.6,-21.10414
4.8,4.8,-27.09159
4.8,5,-32.99183
4.8,5.2,-38.60936
4.8,5.4,-43.75993
4.8,5.6,-48.27792
4.8,5.8,-52.02293
4.8,6,-54.88536
4.8,6.2,-56.79082
4.8,6.4,-57.70306
4.8,6.6,-57.62541
4.8,6.8,-56.6007
4.8,7,-54.70948
4.8,7.2,-52.06687
4.8,7.4,-48.81794
4.8,7.6,-45.13192
4.8,7.8,-41.19547
4.8,8,-37.20525
4.8,8.2,-33.36004
4.8,8.4,-29.85286
4.8,8.6,-26.86324
4.8,8.8,-24.55008
4.8,9,-23.04532
4.8,9.2,-22.44865
4.8,9.4,-22.82358
4.8,9.6,-24.19487
4.8,9.8,-26.54757
4.8,10,-29.82761
5,0,-26.95892
5,0.2,-27.39958
5,0.4,-26.82436
5,0.6,-25.29442
5,0.8,-22.909
5,1,-19.80141
5,1.2,-16.13377
5,1.4,-12.09054
5,1.6,-7.87113
5,1.8,-3.68199
5,2,0.27165
5,2.2,3.79394
5,2.4,6.70622
5,2.6,8.85417
5,2.8,10.11392
5,3,10.39702
5,3.2,9.65395
5,3.4,7.87612
5,3.6,5.09616
5,3.8,1.38668
5,4,-3.14268
5,4.2,-8.34955
5,4.4,-14.0646
5,4.6,-20.09822
5,4.8,-26.24808
5,5,-32.30725
5,5.2,-38.07239
5,5.4,-43.35189
5,5.6,-47.97352
5,5.8,-51.79124
5,6,-54.69108
5,6.2,-56.59567
5,6.4,-57.46731
5,6.6,-57.30947
5,6.8,-56.16668
5,7,-54.12273
5,7.2,-51.29733
5,7.4,-47.84135
5,7.6,-43.9308
5,7.8,-39.75981
5,8,-35.53289
5,8.2,-31.45679
5,8.4,-27.73224
5,8.6,-24.54595
5,8.8,-22.06317
5,9,-20.42113
5,9.2,-19.72351
5,9.4,-20.03635
5,9.6,-21.38541
5,9.8,-23.75513
5,10,-27.08928
5.2,0,-27.88345
5.2,0.2,-28.22871
5.2,0.4,-27.51901
5.2,0.6,-25.81788
5.2,0.8,-23.22835
5.2,1,-19.88889
5.2,1.2,-15.96784
5.2,1.4,-11.65675
5.2,1.6,-7.1627
5.2,1.8,-2.70009
5.2,2,1.51796
5.2,2.2,5.28807
5.2,2.4,8.42472
5.2,2.6,10.76763
5.2,2.8,12.18818
5.2,3,12.59452
5.2,3.2,11.93523
5.2,3.4,10.20137
5.2,3.6,7.42684
5.2,3.8,3.68704
5.2,4,-0.90417
5.2,4.2,-6.19896
5.2,4.4,-12.02147
5.2,4.6,-18.17479
5.2,4.8,-24.44884
5.2,5,-30.6287
5.2,5.2,-36.50323
5.2,5.4,-41.87344
5.2,5.6,-46.56046
5.2,5.8,-50.41267
5.2,6,-53.31169
5.2,6.2,-55.17719
5.2,6.4,-55.97
5.2,6.6,-55.69374
5.2,6.8,-54.39465
5.2,7,-52.15973
5.2,7.2,-49.11331
5.2,7.4,-45.41205
5.2,7.6,-41.23875
5.2,7.8,-36.79498
5.2,8,-32.29314
5.2,8.2,-27.94791
5.2,8.4,-23.96776
5.2,8.6,-20.54656
5.2,8.8,-17.85595
5.2,9,-16.0384
5.2,9.2,-15.20159
5.2,9.4,-15.41411
5.2,9.6,-16.70271
5.2,9.8,-19.05122
5.2,10,-22.40126
5.4,0,-28.77276
5.4,0.2,-28.98739
5.4,0.4,-28.108
5.4,0.6,-26.20046
5.4,0.8,-23.37161
5.4,1,-19.76505
5.4,1.2,-15.55537
5.4,1.4,-10.9412
5.4,1.6,-6.13729
5.4,1.8,-1.36599
5.4,2,3.1517
5.4,2.2,7.20486
5.4,2.4,10.60109
5.4,2.6,13.17418
5.4,2.8,14.79076
5.4,3,15.35556
5.4,3.2,14.81526
5.4,3.4,13.16059
5.4,3.6,10.42671
5.4,3.8,6.69181
5.4,4,2.07397
5.4,4.2,-3.27352
5.4,4.4,-9.16826
5.4,4.6,-15.40608
5.4,4.8,-21.76908
5.4,5,-28.03442
5.4,5.2,-33.98311
5.4,5.4,-39.40881
5.4,5.6,-44.12601
5.4,5.8,-47.97748
5.4,6,-50.84047
5.4,6.2,-52.63164
5.4,6.4,-53.31041
5.4,6.6,-52.88051
5.4,6.8,-51.38989
5.4,7,-48.92878
5.4,7.2,-45.62612
5.4,7.4,-41.64438
5.4,7.6,-37.17309
5.4,7.8,-32.42133
5.4,8,-27.60934
5.4,8.2,-22.95977
5.4,8.4,-18.68879
5.4,8.6,-14.99748
5.4,8.8,-12.0638
5.4,9,-10.03552
5.4,9.2,-9.02431
5.4,9.4,-9.10129
5.4,9.6,-10.2942
5.4,9.8,-12.58629
5.4,10,-15.91699
5.6,0,-29.63127
5.6,0.2,-29.68446
5.6,0.4,-28.60457
5.6,0.6,-26.4598
5.6,0.8,-23.36083
5.6,1,-19.45637
5.6,1.2,-14.92724
5.6,1.4,-9.97918
5.6,1.6,-4.83461
5.6,1.8,0.27619
5.6,2,5.12433
5.6,2.2,9.49133
5.6,2.4,13.17795
5.6,2.6,16.01204
5.6,2.8,17.85545
5.6,3,18.60952
5.6,3.2,18.21902
5.6,3.4,16.67435
5.6,3.6,14.01193
5.6,3.8,10.31273
5.6,4,5.69907
5.6,4.2,0.3297
5.6,4.4,-5.60648
5.6,4.6,-11.89798
5.6,4.8,-18.31914
5.6,5,-24.63914
5.6,5.2,-30.63118
5.6,5.4,-36.08156
5.6,5.6,-40.79814
5.6,5.8,-44.61807
5.6,6,-47.4142
5.6,6.2,-49.10025
5.6,6.4,-49.63416
5.6,6.6,-49.01981
5.6,6.8,-47.30686
5.6,7,-44.58876
5.6,7.2,-40.99905
5.6,7.4,-36.706
5.6,7.6,-31.90593
5.6,7.8,-26.81537
5.6,8,-21.66243
5.6,8.2,-16.67771
5.6,8.4,-12.08509
5.6,8.6,-8.09285
5.6,8.8,-4.8853
5.6,9,-2.61549
5.6,9.2,-1.39907
5.6,9.4,-1.3097
5.6,9.6,-2.37612
5.6,9.8,-4.58097
5.6,10,-7.86152
5.8,0,-30.4646
5.8,0.2,-30.3312
5.8,0.4,-29.02564
5.8,0.6,-26.61848
5.8,0.8,-23.22421
5.8,1,-18.99668
5.8,1.2,-14.12295
5.8,1.4,-8.81583
5.8,1.6,-3.30543
5.8,1.8,2.17004
5.8,2,7.37378
5.8,2.2,12.07981
5.8,2.4,16.08198
5.8,2.6,19.20223
5.8,2.8,21.29764
5.8,3,22.26614
5.8,3.2,22.05061
5.8,3.4,20.64111
5.8,3.6,18.07531
5.8,3.8,14.43699
5.8,4,9.85266
5.8,4.2,4.48658
5.8,4.4,-1.46586
5.8,4.6,-7.78588
5.8,4.8,-14.24002
5.8,5,-20.58952
5.8,5.2,-26.59976
5.8,5.4,-32.04965
5.8,5.6,-36.74044
5.8,5.8,-40.50365
5.8,6,-43.20778
5.8,6.2,-44.76353
5.8,6.4,-45.12742
5.8,6.6,-44.30345
5.8,6.8,-42.343
5.8,7,-39.34275
5.8,7.2,-35.44082
5.8,7.4,-30.8113
5.8,7.6,-25.65728
5.8,7.8,-20.20275
5.8,8,-14.68369
5.8,8.2,-9.33865
5.8,8.4,-4.39923
5.8,8.6,-0.08089
5.8,8.8,3.42569
5.8,9,5.96221
5.8,9.2,7.40901
5.8,9.4,7.68989
5.8,9.6,6.77513
5.8,9.8,4.68268
5.8,10,1.47743
6,0,-31.27942
6,0.2,-30.94089
6,0.4,-29.39114
6,0.6,-26.70307
6,0.8,-22.99499
6,1,-18.42586
6,1.2,-13.189
6,1.4,-7.50431
6,1.6,-1.60955
6,1.8,4.24911
6,2,9.82698
6,2.2,14.89055
6,2.4,19.2268
6,2.6,22.65173
6,2.8,25.01766
6,3,26.21912
6,3.2,26.19707
6,3.4,24.94127
6,3.6,22.49062
6,3.8,18.93169
6,4,14.39523
6,4.2,9.05094
6,4.4,3.10076
6,4.6,-3.22924
6,4.8,-9.69786
6,5,-16.05833
6,5.2,-22.06824
6,5.4,-27.49911
6,5.6,-32.14559
6,5.8,-35.83357
6,6,-38.42716
6,6.2,-39.8341
6,6.4,-40.00944
6,6.6,-38.95734
6,6.8,-36.73086
6,7,-33.42993
6,7.2,-29.19726
6,7.4,-24.21276
6,7.6,-18.68626
6,7.8,-12.84924
6,8,-6.94553
6,8.2,-1.22165
6,8.4,4.08308
6,8.6,8.74604
6,8.8,12.57019
6,9,15.39193
6,9.2,17.08762
6,9.4,17.57854
6,9.6,16.83396
6,9.8,14.87244
6,10,11.76103
6.2,0,-32.08309
6.2,0.2,-31.52831
6.2,0.4,-29.72322
6.2,0.6,-26.7431
6.2,0.8,-22.71006
6.2,1,-17.78821
6.2,1.2,-12.17707
6.2,1.4,-6.10366
6.2,1.6,0.18658
6.2,1.8,6.43957
6.2,2,12.40272
6.2,2.2,17.83496
6.2,2.4,22.51644
6.2,2.6,26.25719
6.2,2.8,28.90477
6.2,3,30.35033
6.2,3.2,30.53291
6.2,3.4,29.44193
6.2,3.6,27.11757
6.2,3.8,23.64918
6.2,4,19.17172
6.2,4.2,13.86038
6.2,4.4,7.9236
6.2,4.6,1.59474
6.2,4.8,-4.8772
6.2,5,-11.23751
6.2,5.2,-17.23595
6.2,5.4,-22.63668
6.2,5.6,-27.2277
6.2,5.8,-30.82931
6.2,6,-33.30122
6.2,6.2,-34.54821
6.2,6.4,-34.52387
6.2,6.6,-33.23248
6.2,6.8,-30.72885
6.2,7,-27.11609
6.2,7.2,-22.54155
6.2,7.4,-17.19091
6.2,7.6,-11.2808
6.2,7.8,-5.05015
6.2,8,1.24934
6.2,8.2,7.3632
6.2,8.4,13.04439
6.2,8.6,18.06311
6.2,8.8,22.21595
6.2,9,25.33406
6.2,9.2,27.28979
6.2,9.4,28.00189
6.2,9.6,27.43863
6.2,9.8,25.61917
6.2,10,22.61273
6.4,0,-32.88345
6.4,0.2,-32.1091
6.4,0.4,-30.04537
6.4,0.6,-26.76988
6.4,0.8,-22.40858
6.4,1,-17.13068
6.4,1.2,-11.14196
6.4,1.4,-4.67652
6.4,1.6,2.01253
6.4,1.8,8.66316
6.4,2,15.01489
6.4,2.2,20.81913
6.4,2.4,25.84913
6.4,2.6,29.90902
6.4,2.8,32.84158
6.4,3,34.53454
6.4,3.2,34.92506
6.4,3.4,34.00223
6.4,3.6,31.80746
6.4,3.8,28.43292
6.4,4,24.01777
6.4,4.2,18.74269
6.4,4.4,12.82262
6.4,4.6,6.49821
6.4,4.8,0.02626
6.4,5,-6.33057
6.4,5.2,-12.31422
6.4,5.4,-17.68149
6.4,5.6,-22.21375
6.4,5.8,-25.72567
6.4,6,-28.07259
6.4,6.2,-29.15631
6.4,6.4,-28.92898
6.4,6.6,-27.395
6.4,6.8,-24.6109
6.4,7,-20.683
6.4,7.2,-15.76327
6.4,7.4,-10.04319
6.4,7.6,-3.74616
6.4,7.8,2.88144
6.4,8,9.58002
6.4,8.2,16.08718
6.4,8.4,22.14814
6.4,8.6,27.52593
6.4,8.8,32.01078
6.4,9,35.42856
6.4,9.2,37.64765
6.4,9.4,38.58423
6.4,9.6,38.20561
6.4,9.8,36.53153
6.4,10,33.63337
6.6,0,-33.68846
6.6,0.2,-32.69918
6.6,0.4,-30.38145
6.6,0.6,-26.81525
6.6,0.8,-22.13032
6.6,1,-16.50103
6.6,1.2,-10.13937
6.6,1.4,-3.28655
6.6,1.6,3.79666
6.6,1.8,10.84028
6.6,2,17.57595
6.6,2.2,23.74753
6.6,2.4,29.12142
6.6,2.6,33.4958
6.6,2.8,36.70868
6.6,3,38.64441
6.6,3.2,39.23823
6.6,3.4,38.47888
6.6,3.6,36.40907
6.6,3.8,33.12373
6.6,4,28.76625
6.6,4.2,23.52278
6.6,4.4,17.61477
6.6,4.6,11.29018
6.6,4.8,4.81357
6.6,5,-1.54444
6.6,5.2,-7.51795
6.6,5.4,-12.8564
6.6,5.6,-17.33454
6.6,5.8,-20.76142
6.6,6,-22.98801
6.6,6.2,-23.91311
6.6,6.4,-23.48742
6.6,6.6,-21.7155
6.6,6.8,-18.65557
6.6,7,-14.41719
6.6,7.2,-9.15691
6.6,7.4,-3.07204
6.6,7.6,3.60728
6.6,7.8,10.62717
6.6,8,17.7202
6.6,8.2,24.616
6.6,8.4,31.05209
6.6,8.6,36.7843
6.6,8.8,41.59652
6.6,9,45.30933
6.6,9.2,47.78713
6.6,9.4,48.94355
6.6,9.6,48.74491
6.6,9.8,47.21156
6.6,10,44.41704
6.8,0,-34.50589
6.8,0.2,-33.3141
6.8,0.4,-30.75479
6.8,0.6,-26.91029
6.8,0.8,-21.91417
6.8,1,-15.9459
6.8,1.2,-9.22373
6.8,1.4,-1.99594
6.8,1.6,5.469
6.8,1.8,12.89321
6.8,2,20.00039
6.8,2.2,26.5269
6.8,2.4,32.23225
6.8,2.6,36.90869
6.8,2.8,40.38948
6.8,3,42.55555
6.8,3.2,43.34024
6.8,3.4,42.73198
6.8,3.6,40.7747
6.8,3.8,37.56614
6.8,4,33.25391
6.8,4.2,28.02962
6.8,4.4,22.12126
6.8,4.6,15.78406
6.8,4.8,9.29037
6.8,5,2.91877
6.8,5.2,-3.05702
6.8,5.4,-8.37908
6.8,5.6,-12.81552
6.8,5.8,-16.16978
6.8,6,-18.28845
6.8,6.2,-19.06735
6.8,6.4,-18.45573
6.8,6.6,-16.45829
6.8,6.8,-13.13494
6.8,7,-8.5985
6.8,7.2,-3.0101
6.8,7.4,3.42715
6.8,7.6,10.47633
6.8,7.8,17.87609
6.8,8,25.35115
6.8,8.2,32.62318
6.8,8.4,39.42198
6.8,8.6,45.49619
6.8,8.8,50.62336
6.8,9,54.61877
6.8,9.2,57.34285
6.8,9.4,58.7067
6.8,9.6,58.67563
6.8,9.8,57.27059
6.8,10,54.56728
7,0,-35.34301
7,0.2,-33.96842
7,0.4,-31.18724
7,0.6,-27.08414
7,0.8,-21.79651
7,1,-15.50896
7,1.2,-8.44597
7,1.4,-0.86292
7,1.6,6.96406
7,1.8,14.74914
7,2,22.20814
7,2.2,29.06988
7,2.4,35.087
7,2.6,40.04581
7,2.8,43.7748
7,3,46.15152
7,3.2,47.10738
7,3.4,46.63049
7,3.6,44.76605
7,3.8,41.61457
7,4,37.32789
7,4.2,32.10309
7,4.4,26.17468
7,4.6,19.80517
7,4.8,13.2747
7,5,6.86981
7,5.2,0.87204
7,5.4,-4.45332
7,5.6,-8.86776
7,5.8,-12.1691
7,6,-14.19955
7,6.2,-14.85194
7,6.4,-14.0741
7,6.6,-11.87083
7,6.8,-8.30378
7,7,-3.48896
7,7.2,2.40786
7,7.4,9.17779
7,7.6,16.57712
7,7.8,24.33707
7,8,32.17445
7,8.2,39.80301
7,8.4,46.94482
7,8.6,53.34133
7,8.8,58.76375
7,9,63.02207
7,9.2,65.97274
7,9.4,67.52431
7,9.6,67.64111
7,9.8,66.34468
7,10,63.71289
7.2,0,-36.20633
7.2,0.2,-34.67513
7.2,0.4,-31.69825
7.2,0.6,-27.36275
7.2,0.8,-21.80981
7.2,1,-15.22918
7.2,1.2,-7.85156
7.2,1.4,0.06056
7.2,1.6,8.22339
7.2,1.8,16.34316
7.2,2,24.12778
7.2,2.2,31.29856
7.2,2.4,37.60125
7.2,2.6,42.81623
7.2,2.8,46.76724
7.2,3,49.32841
7.2,3.2,50.42926
7.2,3.4,50.05755
7.2,3.6,48.25975
7.2,3.8,45.13916
7.2,4,40.85184
7.2,4.2,35.60034
7.2,4.4,29.62568
7.2,4.6,23.19767
7.2,4.8,16.60423
7.2,5,10.13986
7.2,5.2,4.09392
7.2,5.4,-1.26094
7.2,5.6,-5.67957
7.2,5.8,-8.95419
7.2,6,-10.9226
7.2,6.2,-11.47469
7.2,6.4,-10.5568
7.2,6.6,-8.1739
7.2,6.8,-4.38933
7.2,7,0.67766
7.2,7.2,6.85671
7.2,7.4,13.93313
7.2,7.6,21.65643
7.2,7.8,29.75036
7.2,8,37.92388
7.2,8.2,45.88278
7.2,8.4,53.3414
7.2,8.6,60.03403
7.2,8.8,65.7255
7.2,9,70.22054
7.2,9.2,73.3716
7.2,9.4,75.0847
7.2,9.6,75.32318
7.2,9.8,74.10917
7.2,10,71.52271
7.4,0,-37.10129
7.4,0.2,-35.44511
7.4,0.4,-32.30419
7.4,0.6,-27.76792
7.4,0.8,-21.98131
7.4,1,-15.13924
7.4,1.2,-7.47864
7.4,1.4,0.73091
7.4,1.6,9.19795
7.4,1.8,17.62076
7.4,2,25.69937
7.4,2.2,33.14754
7.4,2.4,39.70417
7.4,2.6,45.14369
7.4,2.8,49.28507
7.4,3,51.99904
7.4,3.2,53.21324
7.4,3.4,52.91508
7.4,3.6,51.15227
7.4,3.8,48.03093
7.4,4,43.71133
7.4,4.2,38.40149
7.4,4.4,32.34894
7.4,4.6,25.83079
7.4,4.8,19.14274
7.4,5,12.58725
7.4,5.2,6.46149
7.4,5.4,1.0455
7.4,5.6,-3.40897
7.4,5.8,-6.6885
7.4,6,-8.62652
7.4,6.2,-9.10994
7.4,6.4,-8.08366
7.4,6.6,-5.55276
7.4,6.8,-1.58232
7.4,7,3.70521
7.4,7.2,10.13485
7.4,7.4,17.48611
7.4,7.6,25.50174
7.4,7.8,33.89802
7.4,8,42.37603
7.4,8.2,50.63362
7.4,8.4,58.37742
7.4,8.6,65.33452
7.4,8.8,71.2634
7.4,9,75.96352
7.4,9.2,79.28334
7.4,9.4,81.12632
7.4,9.6,81.45484
7.4,9.8,80.2916
7.4,10,77.71883
7.6,0,-38.03208
7.6,0.2,-36.28676
7.6,0.4,-33.01762
7.6,0.6,-28.31641
7.6,0.8,-22.33196
7.6,1,-15.26427
7.6,1.2,-7.35651
7.6,1.4,1.11464
7.6,1.6,9.85006
7.6,1.8,18.54008
7.6,2,26.87684
7.6,2.2,34.56658
7.6,2.4,41.34131
7.6,2.6,46.96954
7.6,2.8,51.26547
7.6,3,54.09642
7.6,3.2,55.38813
7.6,3.4,55.12768
7.6,3.6,53.36405
7.6,3.8,50.20613
7.6,4,45.81841
7.6,4.2,40.4144
7.6,4.4,34.24813
7.6,4.6,27.60402
7.6,4.8,20.78553
7.6,5,14.10309
7.6,5.2,7.86168
7.6,5.4,2.34873
7.6,5.6,-2.1774
7.6,5.8,-5.49767
7.6,6,-7.44113
7.6,6.2,-7.89171
7.6,6.4,-6.79286
7.6,6.6,-4.1498
7.6,6.8,-0.02931
7.6,7,5.44292
7.6,7.2,12.08733
7.6,7.4,19.6776
7.6,7.6,27.94973
7.6,7.8,36.61253
7.6,8,45.35921
7.6,8.2,53.87967
7.6,8.4,61.8728
7.6,8.6,69.05855
7.6,8.8,75.18901
7.6,9,80.05839
7.6,9.2,83.51113
7.6,9.4,85.44817
7.6,9.6,85.83089
7.6,9.8,84.68261
7.6,10,82.08769
7.8,0,-39.00146
7.8,0.2,-37.20558
7.8,0.4,-33.84681
7.8,0.6,-29.01925
7.8,0.8,-22.87555
7.8,1,-15.62083
7.8,1.2,-7.50451
7.8,1.4,1.18966
7.8,1.6,10.15487
7.8,1.8,19.07352
7.8,2,27.62985
7.8,2.2,35.52256
7.8,2.4,42.47681
7.8,2.6,48.25516
7.8,2.8,52.66704
7.8,3,55.57639
7.8,3.2,56.90703
7.8,3.4,56.64571
7.8,3.6,54.84266
7.8,3.8,51.60958
7.8,4,47.11516
7.8,4.2,41.57839
7.8,4.4,35.25981
7.8,4.6,28.45114
7.8,4.8,21.46362
7.8,5,14.61564
7.8,5.2,8.22
7.8,5.4,2.5715
7.8,5.6,-2.06488
7.8,5.8,-5.46448
7.8,6,-7.45197
7.8,6.2,-7.9083
7.8,6.4,-6.77547
7.8,6.6,-4.05883
7.8,6.8,0.17312
7.8,7,5.79147
7.8,7.2,12.61205
7.8,7.4,20.40275
7.8,7.6,28.8928
7.8,7.8,37.78352
7.8,8,46.76028
7.8,8.2,55.50501
7.8,8.4,63.70891
7.8,8.6,71.08471
7.8,8.8,77.37817
7.8,9,82.3782
7.8,9.2,85.92528
7.8,9.4,87.9178
7.8,9.6,88.31614
7.8,9.8,87.14422
7.8,10,84.48857
8,0,-40.01064
8,0.2,-38.20401
8,0.4,-34.79543
8,0.6,-29.88133
8,0.8,-23.61818
8,1,-16.21625
8,1.2,-7.93116
8,1.4,0.94621
8,1.6,10.1014
8,1.8,19.20887
8,2,27.94496
8,2.2,36.00084
8,2.4,43.0948
8,2.6,48.98345
8,2.8,53.47149
8,3,56.41942
8,3.2,57.74918
8,3.4,57.44717
8,3.6,55.5649
8,3.8,52.21684
8,4,47.57591
8,4.2,41.86658
8,4.4,35.35589
8,4.6,28.34285
8,4.8,21.1465
8,5,14.09316
8,5.2,7.50349
8,5.4,1.67962
8,5.6,-3.10681
8,5.8,-6.62555
8,6,-8.69688
8,6.2,-9.19876
8,6.4,-8.07176
8,6.6,-5.32136
8,6.8,-1.01776
8,7,4.7069
8,7.2,11.66385
8,7.4,19.61517
8,7.6,28.28332
8,7.8,37.36216
8,8,46.52919
8,8.2,55.4584
8,8.4,63.83324
8,8.6,71.35928
8,8.8,77.77593
8,9,82.86682
8,9.2,86.46843
8,9.4,88.47661
8,9.6,88.85076
8,9.8,87.61539
8,10,84.8592
8.2,0,-41.05927
8.2,0.2,-39.28134
8.2,0.4,-35.86237
8.2,0.6,-30.90117
8.2,0.8,-24.55803
8.2,1,-17.04831
8.2,1.2,-8.63391
8.2,1.4,0.38722
8.2,1.6,9.69295
8.2,1.8,18.94979
8.2,2,27.8262
8.2,2.2,36.00581
8.2,2.4,43.20003
8.2,2.6,49.15956
8.2,2.8,53.6843
8.2,3,56.63137
8.2,3.2,57.9208
8.2,3.4,57.53867
8.2,3.6,55.53773
8.2,3.8,52.03526
8.2,4,47.20837
8.2,4.2,41.28703
8.2,4.4,34.54478
8.2,4.6,27.28794
8.2,4.8,19.84331
8.2,5,12.54518
8.2,5.2,5.72202
8.2,5.4,-0.31665
8.2,5.6,-5.29258
8.2,5.8,-8.9699
8.2,6,-11.1645
8.2,6.2,-11.75139
8.2,6.4,-10.66966
8.2,6.6,-7.92493
8.2,6.8,-3.58913
8.2,7,2.20241
8.2,7.2,9.25628
8.2,7.4,17.32877
8.2,7.6,26.13558
8.2,7.8,35.36309
8.2,8,44.68095
8.2,8.2,53.75519
8.2,8.4,62.26154
8.2,8.6,69.89839
8.2,8.8,76.39878
8.2,9,81.54108
8.2,9.2,85.15777
8.2,9.4,87.14217
8.2,9.6,87.45269
8.2,9.8,86.11443
8.2,10,83.21826
8.4,0,-42.1454
8.4,0.2,-40.43367
8.4,0.4,-37.04183
8.4,0.6,-32.07104
8.4,0.8,-25.68539
8.4,1,-18.10541
8.4,1.2,-9.59919
8.4,1.4,-0.4718
8.4,1.6,8.94697
8.4,1.8,18.31568
8.4,2,27.2949
8.4,2.2,35.56073
8.4,2.4,42.81772
8.4,2.6,48.8106
8.4,2.8,53.33454
8.4,3,56.24326
8.4,3.2,57.45486
8.4,3.4,56.9551
8.4,3.6,54.79799
8.4,3.8,51.10359
8.4,4,46.05325
8.4,4.2,39.88239
8.4,4.4,32.87109
8.4,4.6,25.33293
8.4,4.8,17.60252
8.4,5,10.0221
8.4,5.2,2.92795
8.4,5.4,-3.36302
8.4,5.6,-8.56596
8.4,5.8,-12.43937
8.4,6,-14.79476
8.4,6.2,-15.50415
8.4,6.4,-14.50519
8.4,6.6,-11.80364
8.4,6.8,-7.47313
8.4,7,-1.65224
8.4,7.2,5.46105
8.4,7.4,13.61722
8.4,7.6,22.52518
8.4,7.8,31.86387
8.4,8,41.29506
8.4,8.2,50.47681
8.4,8.4,59.07717
8.4,8.6,66.78731
8.4,8.8,73.33395
8.4,9,78.49015
8.4,9.2,82.08442
8.4,9.4,84.00755
8.4,9.6,84.21692
8.4,9.8,82.73828
8.4,10,79.66462
8.6,0,-43.2656
8.6,0.2,-41.65414
8.6,0.4,-38.32349
8.6,0.6,-33.37718
8.6,0.8,-26.98311
8.6,1,-19.36692
8.6,1.2,-10.80296
8.6,1.4,-1.60338
8.6,1.6,7.89435
8.6,1.8,17.34086
8.6,2,26.38883
8.6,2.2,34.70681
8.6,2.4,41.99249
8.6,2.6,47.98466
8.6,2.8,52.47374
8.6,3,55.31002
8.6,3.2,56.40972
8.6,3.4,55.75827
8.6,3.6,53.41092
8.6,3.8,49.49052
8.6,4,44.18266
8.6,4.2,37.72821
8.6,4.4,30.41378
8.6,4.6,22.56024
8.6,4.8,14.50997
8.6,5,6.61319
8.6,5.2,-0.78601
8.6,5.4,-7.36337
8.6,5.6,-12.82738
8.6,5.8,-16.93095
8.6,6,-19.48118
8.6,6.2,-20.34715
8.6,6.4,-19.46503
8.6,6.6,-16.84073
8.6,6.8,-12.54959
8.6,7,-6.7334
8.6,7.2,0.40523
8.6,7.4,8.61101
8.6,7.6,17.58605
8.6,7.8,27.00185
8.6,8,36.51228
8.6,8.2,45.76749
8.6,8.4,54.42778
8.6,8.6,62.17715
8.6,8.8,68.73596
8.6,9,73.872
8.6,9.2,77.40978
8.6,9.4,79.23755
8.6,9.6,79.31172
8.6,9.8,77.65861
8.6,10,74.3734
8.8,0,-44.41508
8.8,0.2,-42.93316
8.8,0.4,-39.69299
8.8,0.6,-34.80043
8.8,0.8,-28.42722
8.8,1,-20.8041
8.8,1.2,-12.21168
8.8,1.4,-2.96918
8.8,1.6,6.57823
8.8,1.8,16.07327
8.8,2,25.1607
8.8,2.2,33.50156
8.8,2.4,40.78664
8.8,2.6,46.74883
8.8,2.8,51.17376
8.8,3,53.90834
8.8,3.2,54.86686
8.8,3.4,54.03443
8.8,3.6,51.46756
8.8,3.8,47.29189
8.8,4,41.69722
8.8,4.2,34.92992
8.8,4.4,27.28307
8.8,4.6,19.08488
8.8,4.8,10.68548
8.8,5,2.44305
8.8,5.2,-5.29049
8.8,5.4,-12.1835
8.8,5.6,-17.93787
8.8,5.8,-22.30086
8.8,6,-25.07523
8.8,6.2,-26.12704
8.8,6.4,-25.39105
8.8,6.6,-22.87328
8.8,6.8,-18.65079
8.8,7,-12.86858
8.8,7.2,-5.73387
8.8,7.4,2.49222
8.8,7.6,11.50508
8.8,7.8,20.96869
8.8,8,30.52911
8.8,8.2,39.82849
8.8,8.4,48.51943
8.8,8.6,56.27876
8.8,8.8,62.82046
8.8,9,67.90705
8.8,9.2,71.35907
8.8,9.4,73.06221
8.8,9.6,72.9719
8.8,9.8,71.11504
8.8,10,67.589
9,0,-45.58788
9,0.2,-44.25883
9,0.4,-41.13245
9,0.6,-36.31696
9,0.8,-29.98792
9,1,-22.3812
9,1.2,-13.78363
9,1.4,-4.52154
9,1.6,5.05224
9,1.8,14.57248
9,2,23.67606
9,2.2,32.01647
9,2.4,39.27765
9,2.6,45.18654
9,2.8,49.524
9,3,52.13355
9,3.2,52.92757
9,3.4,51.89085
9,3.6,49.08114
9,3.8,44.62688
9,4,38.72209
9,4.2,31.6186
9,4.4,23.61604
9,4.6,15.04986
9,4.8,6.27801
9,5,-2.33338
9,5.2,-10.42457
9,5.4,-17.65655
9,5.6,-23.72459
9,5.8,-28.37034
9,6,-31.39216
9,6.2,-32.65314
9,6.4,-32.0866
9,6.6,-29.69867
9,6.8,-25.56814
9,7,-19.84324
9,7.2,-12.73578
9,7.4,-4.51267
9,7.6,4.51467
9,7.8,14.00279
9,8,23.58986
9,8.2,32.9101
9,8.4,41.60837
9,8.6,49.35434
9,8.8,55.85561
9,9,60.86944
9,9.2,64.21238
9,9.4,65.76757
9,9.6,65.48945
9,9.8,63.40553
9,10,59.61533
9.2,0,-46.77711
9.2,0.2,-45.61735
9.2,0.4,-42.6212
9.2,0.6,-37.89921
9.2,0.8,-31.63077
9.2,1,-24.05687
9.2,1.2,-15.47059
9.2,1.4,-6.20534
9.2,1.6,3.37839
9.2,1.8,12.9074
9.2,2,22.01069
9.2,2.2,30.33423
9.2,2.4,37.55507
9.2,2.6,43.39423
9.2,2.8,47.6278
9.2,3,50.09589
9.2,3.2,50.70898
9.2,3.4,49.45153
9.2,3.6,46.38255
9.2,3.8,41.63328
9.2,4,35.40194
9.2,4.2,27.94584
9.2,4.4,19.57111
9.2,4.6,10.62053
9.2,4.8,1.4598
9.2,5,-7.53698
9.2,5.2,-16.00226
9.2,5.4,-23.58965
9.2,5.6,-29.98779
9.2,5.8,-34.93272
9.2,6,-38.21842
9.2,6.2,-39.705
9.2,6.4,-39.32432
9.2,6.6,-37.08267
9.2,6.8,-33.06054
9.2,7,-27.40937
9.2,7.2,-20.34558
9.2,7.4,-12.14191
9.2,7.6,-3.11651
9.2,7.8,6.37969
9.2,8,15.97699
9.2,8.2,25.30165
9.2,8.4,33.99083
9.2,8.6,41.707
9.2,8.8,48.15142
9.2,9,53.07606
9.2,9.2,56.29348
9.2,9.4,57.68429
9.2,9.6,57.20194
9.2,9.8,54.87453
9.2,10,50.80375
9.4,0,-47.97522
9.4,0.2,-46.99364
9.4,0.4,-44.1366
9.4,0.6,-39.51701
9.4,0.8,-33.31804
9.4,1,-25.78586
9.4,1.2,-17.21974
9.4,1.4,-7.96022
9.4,1.6,1.62456
9.4,1.8,11.15345
9.4,2,20.24758
9.4,2.2,28.54536
9.4,2.4,35.71698
9.4,2.6,41.47752
9.4,2.8,45.5983
9.4,3,47.91605
9.4,3.2,48.33933
9.4,3.4,46.85227
9.4,3.6,43.51514
9.4,3.8,38.46196
9.4,4,31.89518
9.4,4.2,24.07758
9.4,4.4,15.32181
9.4,4.6,5.97793
9.4,4.8,-3.58057
9.4,5,-12.97162
9.4,5.2,-21.81986
9.4,5.4,-29.77155
9.4,5.6,-36.50867
9.4,5.8,-41.76167
9.4,6,-45.32014
9.4,6.2,-47.04121
9.4,6.4,-46.85529
9.4,6.6,-44.7688
9.4,6.8,-40.86394
9.4,7,-35.29539
9.4,7.2,-28.28417
9.4,7.4,-20.10881
9.4,7.6,-11.09423
9.4,7.8,-1.59884
9.4,8,7.99979
9.4,8.2,17.32
9.4,8.4,25.9912
9.4,8.6,33.66868
9.4,8.8,40.04736
9.4,9,44.87392
9.4,9.2,47.95694
9.4,9.4,49.17449
9.4,9.6,48.47901
9.4,9.8,45.89923
9.4,10,41.53898
9.6,0,-49.17433
9.6,0.2,-48.37192
9.6,0.4,-45.65497
9.6,0.6,-41.13875
9.6,0.8,-35.01026
9.6,1,-27.52077
9.6,1.2,-18.97582
9.6,1.4,-9.723
9.6,1.6,-0.13816
9.6,1.8,9.38963
9.6,2,18.4736
9.6,2.2,26.74463
9.6,2.4,33.86604
9.6,2.6,39.54697
9.6,2.8,43.55399
9.6,3,45.7204
9.6,3.2,45.95289
9.6,3.4,44.23523
9.6,3.6,40.62895
9.6,3.8,35.27088
9.6,4,28.36768
9.6,4.2,20.18759
9.6,4.4,11.04979
9.6,4.6,1.31163
9.6,4.8,-8.64562
9.6,5,-18.43194
9.6,5.2,-27.66414
9.6,5.4,-35.9811
9.6,5.6,-43.0582
9.6,5.8,-48.62026
9.6,6,-52.45247
9.6,6.2,-54.40902
9.6,6.4,-54.41884
9.6,6.6,-52.48851
9.6,6.8,-48.70191
9.6,7,-43.21697
9.6,7.2,-36.25931
9.6,7.4,-28.11324
9.6,7.6,-19.11048
9.6,7.8,-9.61689
9.6,8,-0.0179
9.6,8.2,9.29686
9.6,8.4,17.94909
9.6,8.6,25.5869
9.6,8.8,31.89885
9.6,9,36.62635
9.6,9.2,39.57398
9.6,9.4,40.61727
9.6,9.6,39.70769
9.6,9.8,36.87455
9.6,10,32.22384
9.8,0,-50.36648
9.8,0.2,-49.73629
9.8,0.4,-47.15249
9.8,0.6,-42.7327
9.8,0.8,-36.66773
9.8,1,-29.21399
9.8,1.2,-20.68324
9.8,1.4,-11.43019
9.8,1.6,-1.83834
9.8,1.8,7.69531
9.8,2,16.77607
9.8,2.2,25.02731
9.8,2.4,32.10546
9.8,2.6,37.71373
9.8,2.8,41.61393
9.8,3,43.63596
9.8,3.2,43.68459
9.8,3.4,41.74329
9.8,3.6,37.87482
9.8,3.8,32.2188
9.8,4,24.98612
9.8,4.2,16.4505
9.8,4.4,6.93762
9.8,4.6,-3.18787
9.8,4.8,-13.53693
9.8,5,-23.71157
9.8,5.2,-33.32077
9.8,5.4,-41.99606
9.8,5.6,-49.40619
9.8,5.8,-55.27035
9.8,6,-59.36937
9.8,6.2,-61.55444
9.8,6.4,-61.75306
9.8,6.6,-59.97192
9.8,6.8,-56.29664
9.8,7,-50.88836
9.8,7.2,-43.97729
9.8,7.4,-35.85357
9.8,7.6,-26.85568
9.8,7.8,-17.35694
9.8,8,-7.75064
9.8,8.2,1.56562
9.8,8.4,10.20583
9.8,8.6,17.81092
9.8,8.8,24.06309
9.8,9,28.69847
9.8,9.2,31.51766
9.8,9.4,32.39365
9.8,9.6,31.27692
9.8,9.8,28.19736
9.8,10,23.26314
10,0,-51.54402
10,0.2,-51.07144
10,0.4,-48.60617
10,0.6,-44.2682
10,0.8,-38.25215
10,1,-30.81954
10,1.2,-22.28839
10,1.4,-13.02049
10,1.6,-3.40701
10,1.8,6.1471
10,2,15.23926
10,2.2,23.4853
10,2.4,30.53481
10,2.6,36.08503
10,2.8,39.89302
10,3,41.78528
10,3.2,41.66467
10,3.4,39.51433
10,3.6,35.39828
10,3.8,29.45893
10,4,21.91138
10,4.2,13.03484
10,4.4,3.16149
10,4.6,-7.33673
10,4.8,-18.06298
10,5,-28.61132
10,5.2,-38.58292
10,5.4,-47.60193
10,5.6,-55.33047
10,5.8,-61.48213
10,6,-65.83334
10,6.2,-68.23232
10,6.4,-68.60513
10,6.6,-66.95858
10,6.8,-63.38001
10,7,-58.03377
10,7.2,-51.1547
10,7.4,-43.03872
10,7.6,-34.03108
10,7.8,-24.51257
10,8,-14.88436
10,8.2,-5.55199
10,8.4,3.09081
10,8.6,10.67779
10,8.8,16.88479
10,9,21.44267
10,9.2,24.14803
10,9.4,24.87133
10,9.6,23.56205
10,9.8,20.25068
10,10,15.04757
