#sample a,sample b
-0.32044771899289415,1.6145464191742416
0.56561079053474794,0.38719923943845347
-0.88844996123101627,1.181625446012214
1.0081541883395,2.2826745416702021
-0.86081766021240758,1.2509711044077652
1.7943182160096796,-0.27532388671435143
-0.88482208032352094,1.4072468145903969
0.33395238070006084,0.51889435536988704
-1.229260999679924,-1.1338166620069627
-0.77587644646772169,-1.5454780618447153
-1.1570009376227568,1.1239968521922217
0.43409939225603783,-2.0244900131232284
-1.3379473511587128,1.0471831682283432
-0.085963320414327235,-0.6677519513278829
0.32385413983388933,-0.075435291270112392
0.87644433977198088,-0.72868906605585027
-1.2185732105578952,0.55939178277494961
-0.5903893400258019,-2.8516714798091796
0.029765806964601248,0.42495315859541455
-0.3469690916813955,-0.90951489807409625
0.85247052577476867,0.47237994005769246
-0.15331543050541288,0.21361844085227041
-2.1470302439088922,-1.3172972110416927
0.075500972267086117,-0.54846985057680131
0.62683667005388199,0.20512150579512442
-0.3787545164662563,2.3220989454925789
0.68181353847111181,-1.9732827400341462
-1.5508100849984867,0.87890924590740538
-0.15346711578734923,-0.1299542099005486
0.07980965942749077,1.9559419191398497
0.9625083917646523,0.6620237019679841
0.042873617000386888,-0.0074511584521595219
-2.4212618806574149,-1.624956660744286
0.013892134793280699,-0.078063094584639531
-0.58970052628818359,-2.0041391448261421
-1.2233240624913546,-0.17410885044935828
-0.53381008638430849,0.37030420966510397
-0.71438901472630267,2.1066128605008427
-1.1954645038922191,-0.70857451534116722
-0.53044967295562562,-2.0598290047595658
0.77611836362205588,-1.4694983109021356
-0.4235120254988286,-1.0251422829055761
-0.049594961951797648,-1.2655022395287165
0.19455107942585681,-1.3787559667899101
0.94389161030869417,1.1038783175297471
-0.15290147998968556,0.83564252374015868
-1.2554891105736621,0.10774208351104561
-0.8755149978927822,-1.2105241206784321
1.5168293804528774,0.23056096244056154
1.655306274223828,0.9885477702305081
0.070833331668151506,-0.45991694759735857
0.16680266880405728,1.6961230020228373
-0.38456372483311307,0.47822532610428892
-0.26539566498717992,-0.8020570589565128
-0.14506461597705375,-0.57204899913570528
-0.26526329753150651,0.054248138075027069
-1.5920926115692966,0.65503881786191398
0.51205932825514633,-0.022916908292441581
0.49103476990179551,0.20782689602343149
1.2186471675179849,-0.49156932780862012
0.62197604551076957,-1.2645059992505328
-1.0992004796075416,0.0089274623166152121
1.5723827780787647,-0.67402113828944921
-0.88515225841762546,-0.090658429001076804
2.0154899924310574,2.2702546769851613
0.82570777404678219,-0.72318529285930944
0.46065951336910144,-2.8013298014769878
-2.0579099304789694,-0.85856468481393944
1.4412306402967452,2.2637330092962715
0.34883110517620874,0.37115661100670561
-1.3679042219500945,0.069280713031828187
0.014573070566556507,-0.36275772507350734
0.29589370582662539,0.31784695705385613
1.6198781814181329,-0.050897297375908694
-0.088735415118815927,1.1601512765419693
-0.36480375769400919,-1.5048306691589588
-0.99044515353687268,1.7175022912968858
0.77542344635816562,-0.88675904027668018
1.3852884209948597,-0.5655772766082906
1.4486385067190437,-1.4728460840430742
-1.2033635282377884,-0.80121818399121514
0.24749421950803785,1.3154134164808782
-0.92301514407755036,0.47293786999388282
-0.19666462371817314,-0.1776700619386189
0.61154691386660842,-0.58121130958934464
0.37645194405842802,-0.79771700655897515
-0.72504226900378399,-2.0489943695647543
-1.9282051356372183,1.1159793013819796
0.66253898861368177,0.65736438106423734
0.71909094733947543,1.0540544804597376
0.42849783705816269,0.88659578919753879
0.020998086622845642,0.93322653517667853
-1.0133634349240979,-0.68577423497104917
0.26834014338703471,-0.38353757828244545
-0.94733652631471033,0.57825014151397347
2.2287282805137871,-2.0849067574184352
0.16062936888492063,0.083223728212612938
0.94966364776378154,-1.3190204393411726
-0.42684139122305748,-0.87393249720118471
-0.27587575605146142,-0.84343512737333981
0.3882574658877504,-1.1595438711284238
0.0088773392988320023,-1.0712999215746852
0.01104217229663664,-1.4918624933975553
0.71181011681654194,1.0888928348365046
1.6850729344062134,1.2660332149763802
-0.26242020794656584,-0.8470166716254599
0.22031949383579885,1.3109554392046401
-0.33450528267101493,-0.48962790736595285
-1.4529234075504069,0.14431068833669808
0.27039120810408462,-0.21768863689114887
0.8874693150510663,-1.0068670585509005
-0.49772316485419837,0.025985936662898491
-0.99707153507058222,0.57264410430371215
-0.29786281145361565,-2.8731450246023496
1.2378914193510837,1.0653890915432744
-1.453448860650411,2.0956493550896891
0.24764868765733306,1.0395391776907368
-0.81920888655349733,0.20732361945626032
0.34125448614394421,0.76866965600236303
1.0934394460740267,1.4429144443591806
-1.384366325568295,0.42875101697414492
0.2592513133711809,1.5887110412468186
0.24175949720803017,-1.4460453395540616
-0.27881365952388026,0.00017274166240580538
0.97684464123659986,-0.099688706713872477
0.41430014019426548,0.56769568344181287
-0.50135648982231384,0.34315342624633333
1.1529535845114349,0.23594533341687871
0.74432306204217069,0.13737126567299768
-2.069217650206252,0.081176411397750128
0.9858742340704979,0.24428073276017254
1.7310499487272457,-1.1919762920545343
-1.319046131141435,-0.72439664804920922
0.85831638648612185,0.58016574654416098
-1.1750694779197939,-0.77492059327962881
0.87566122923073109,-0.32027244154276352
-0.39339212306172572,-0.53415024809857836
-0.37473395015120042,0.30241862392233015
0.36305266292321325,0.80180330609605599
0.34986233371399622,-0.92755106207914928
-0.10813369665272719,-1.3538762768432444
0.012744262906977838,-0.18577282311825602
0.20220551351314939,-0.31885126953668802
0.75803853307316449,-0.28620741845870451
1.0784784545049475,-0.5290429540514503
1.4771483738300706,-0.97927894422915107
1.5365155220232467,1.1274914110512149
0.56546558143631453,0.86556056587352992
-2.2922261412282543,0.38003299013181469
1.3261690816601277,0.10257842675270261
-0.64985776847945109,-0.033186543334996876
0.36346927737154666,1.1470991879350221
1.380075240183819,0.40505610462853614
0.58665082105809074,0.8173014546644356
-0.34484020335034848,1.0075510431504155
0.020392763141977095,-2.0348583583836741
-1.2043622917476746,-1.0630033677062325
-0.57423858861124155,2.2670370081445257
0.1895765617179733,-0.943161588448854
-0.28343841102742268,-0.23018308167991558
-0.17609112050767309,0.60404960631953741
1.4673658823045854,-0.72344460008059497
0.79738026344505142,-0.022258095501175197
-1.3068599928710867,0.5182039312713308
-1.0647550228574789,0.26514294828514662
0.98138460654815962,1.0872611112275143
1.4552345276643106,-0.75014379239231022
-1.5119043874968057,-0.56661726794118239
-0.54523486085337847,0.62942959796041853
-0.00938412629506904,0.59444295357917065
-0.038832733229945897,-0.47732966457298659
-0.22837720229868219,-1.8513230745494711
0.2074392528384259,1.3880860935962076
-0.14467251199495304,-0.30405890245240658
-0.0054620614947805063,0.67292070566897666
1.2382564780061223,-1.3238129486511554
0.95375780853333436,1.8509722199949656
-0.32373396094030532,-1.29712251799933
1.4169341476891462,0.63105545236106553
1.1236825743645877,0.96989531879876012
1.1182467967049092,-2.2915294636969685
0.088381480583727051,-0.72880658504591889
-0.097088729098902829,0.75895250242921786
-0.21867454125024782,-1.2908554571520867
-2.0968383183456045,-1.6132699915158741
-0.16236546274689934,-0.26008345866241167
0.92034507338576466,-0.059969398671491432
-1.2951887107395974,0.62875969939524101
-0.61653193456827926,1.0811516555047689
1.6095274171260046,-0.03801267047045008
-0.003368800366354458,-0.68909851831956903
1.052799111707738,-0.89853806803590175
-1.3667495243092658,-0.33286326339739497
1.7915668656400174,-1.8485015956168878
-0.51001500698729008,0.80141781496319353
0.6831116388593621,-0.46569972825886252
-0.07276832500144445,0.40112038095880537
0.0098881093757931943,1.7508389514493532
0.95321034484881717,-0.48466377303231384
0.56937854919147712,-0.63054935509576104
0.40897954986730761,1.134368201381512
1.4489508570937846,-1.4288783034825097
-0.74414144702903495,0.46093419616212028
1.1483010982290698,1.4321257886080181
0.5616916377025033,-1.9433667677468158
1.5845948775470597,0.70337793590910636
0.071843460204210188,-0.48695623468334381
0.48891057541189409,0.10589631594733824
1.1900849556317596,-1.2074992405204645
-0.74300922244377077,0.61761944460619356
-0.85868221610515072,0.54051036503635685
-0.76101239787212072,0.85587733656083975
-0.19877138419512538,-1.1611691503942112
0.11953343347174797,1.0015228332389443
-0.27638010012096459,1.1722984256060944
-0.56178848171667284,-0.75183014898678258
-0.36159088120852878,0.031226624127805531
-1.0726469536951286,0.94606231259299667
1.266342006991521,-0.41578230940949512
0.59958895237148579,1.0772765867623113
-0.030118444396302742,0.69679412802074558
1.7326355724444822,1.2167068319052903
-0.73637651335564336,-1.0399072664157791
-1.9754013075905645,0.14555564301117205
-0.069829361976837021,-0.61295232956683254
-1.1481131939659441,-1.0945117680283019
-1.3264107835754746,-0.38689642005909181
-0.064624938515321889,1.8192785508795761
1.4201351002017206,-0.2919981334210433
0.67023520030808237,0.41469968601854262
-0.98566288270029634,-0.84003334584870126
3.2482935748332391,-0.61288712620338259
-1.3982000523624183,-0.42729176870385233
0.11469415360502817,-1.498385107626593
-0.24119262571101732,-0.83722816672462641
0.61563313141038045,0.49338964324322632
-0.8197169932632461,-0.16369173318078309
1.897507344265843,-1.0932772008246063
0.087965851433939035,0.26452377157655116
-2.0887589060969742,-2.4740592943555764
-0.41689576110516624,0.17695883739168458
0.24020951668312135,-0.70866000238530935
0.74951594834137714,-0.91919948282654562
0.26959541410566923,-0.67878081250605127
-0.067558500241910707,0.56957407502845248
0.96389404511482857,-0.81052232718277539
-1.0603388802615412,-0.31915778561651875
1.8020630845982775,-0.52766983830404735
-0.25930624919290091,-2.17047501289569
-0.78576971243678484,-0.18467164659180496
0.25326230339719347,0.80617547663422595
1.7139557923125415,0.078178508888471179
0.015916561093590222,0.41637465334946644
0.98028834257108444,-2.1689086999256353
0.42756171549350952,0.70300356514893836
1.8109279151194404,-0.10888905891184195
-0.80012415604960263,0.52614687327095577
-0.24961581556989165,-0.28145801162857909
0.62608371900772131,-0.77724939402939242
-0.41152926474923301,0.48173767697663644
2.4009435364202423,0.73104795103517994
-1.2744379735168314,0.43668778383061363
-0.33304095658163063,-0.87787397673948875
0.89606793794402029,2.9189312761065658
-0.83720643674350759,0.015572974023919084
-0.92280061868012586,0.72143502705879203
1.0204909664420407,-2.0169884411866597
0.031850674380328028,1.010739943263272
1.8437033672833214,1.3926974421819271
1.4462227733950521,0.70926029187785133
2.038178399269817,-0.53338594842455389
-0.21384407719601745,2.2244044585038449
-0.58162974604926976,-0.084684985333216223
-0.56905608040721067,0.15410920928593633
1.1764414142126109,-0.56225625268711632
-0.70944620770956024,-0.27647493507447324
2.1321855167794777,-0.033595577127768131
-0.61064564705561519,-1.3787680141397032
-2.2695653817604642,1.140477614242253
-0.91530513180641693,-0.01582802420670339
1.8536468234369539,-0.50013709856839239
-0.78260429603731718,-0.75599424010140992
-0.31409130943287217,-0.079614599011775505
-0.6000665871509705,0.44657048582989933
-0.4690900475125051,0.51195805319133547
-0.17707544974930073,0.30003476282693792
-1.5426790417362528,0.8054520798290925
0.60462261324180877,0.93553338616463599
-0.38100940910207498,0.46803576859830137
0.010363638786456237,-1.3396640256871537
-1.3164564021866754,0.9074884677318179
0.63788177235140475,-0.5720931108764592
0.34102944163106758,-0.19545032273569554
0.5370478871040526,1.3178030505800171
-1.023384899509677,-0.053693929844053329
0.33999199103486311,-0.71151733284840779
-1.0223299750091441,-0.54062488152023769
-1.0680058100633392,0.39061339357849267
0.7662875531869543,-1.3071946998033976
-0.32971423253756249,2.3193569932273173
-0.23773242518689278,0.069527867140600011
-0.52902390162230906,0.696287296052436
-0.83195224121143785,0.2022657079730972
0.072393570876969002,0.087345924547120674
1.5661867602683603,0.20053430277011128
-1.3314725770155178,0.015812709547380614
-1.6606634292587044,0.46431117256424986
-2.1874821904989687,-0.49835433403204304
-1.0202571289023503,1.3912550318991606
-1.6290404497827724,0.68961222833955049
-0.9002434222855642,-1.4344805589424257
0.29226843471493658,-1.0137494015109998
-0.81341700697909103,-1.928345060351097
-0.26841090293401199,-0.9157148321347659
0.010598232432689727,1.49448698191244
-0.89789746044361174,1.0153467709617541
2.5985515215097648,-0.66244504819117811
0.62506554017825688,-2.1248964369834522
-0.52447431652510557,1.7709239715073346
-1.3202075091127672,0.52603881135308628
0.93802521507108172,0.98317268190068685
1.0366189541751767,-0.82621321629116151
-0.16600858133201299,1.4628991376925793
-1.1362191441367788,-0.34862567416794943
0.24990617385415592,-1.4117000281378309
-0.033791447864129277,1.7405247281706915
-0.83874959778723945,2.9257232120326755
-0.72453445717106202,-0.72598341262531718
0.018018133640844272,0.15354130183584161
-0.62330576648836711,0.97626104578171413
1.0518744057029341,0.38241991873567788
0.36631919389755752,1.9012677654799623
-0.69439811380612604,-1.0551103724306146
0.065012189474595874,-0.48564384467386817
-0.34970557535836688,-0.35533533602775086
-0.8056805247207367,-0.5522185753725789
-0.14720653385661397,-0.99975015491300356
0.090910804967774109,0.77170868620466138
-1.342988395037543,-0.88682865595987936
-0.21841792041594493,-0.27964476482911627
-1.3919515746485704,-0.50995442188002771
-1.0454633346489093,-0.87494515018659635
-1.2477417564870743,-0.53137278417395217
-2.5282870173781271,-1.5524487858997171
-1.2476876498212455,-0.25583613469345717
1.0878205486753278,1.4383087378376767
-0.74663288389516103,-0.92627330560105658
0.38196139339349222,1.1429623568611724
0.36424641160883231,-0.32138201662778326
-0.18022672052197306,-0.36593226165105541
-0.17579364231186942,-1.7013497050488204
-1.5149406972688755,-0.7949169201598546
0.24330794914694273,-1.1271904601557388
1.6188888098278498,0.52016321144675204
-1.2356102401810909,-2.4341102219704114
2.0980268029644287,0.89241043056202118
0.67606499095350436,1.138319370451558
0.78134035539897173,-1.0716234723697284
-0.96167835163093562,0.49553226768086661
1.4977858008682472,0.27479955186300908
0.73274635152177026,-0.54707547689535452
1.3809511700541079,-0.68887388403181415
-0.18553915929045708,-1.1935008852586348
-1.2606038598381009,0.027334342039807141
1.5219967360480526,0.050913873617080385
-0.55744418382675887,2.2705231407997792
0.1382080504981949,1.7418604931744712
0.39706635972940368,0.61921105663493836
0.70509103854799993,-0.40028661666598786
-0.6557402598056965,-0.57812959422505861
1.3761674129645431,0.44098794609442482
-0.68245640597021995,-2.5033205095190301
-0.29635833111928084,-0.80396507743901824
0.13275324151726867,0.75396114644425516
-0.37796740242235521,0.42990946135052205
0.31771675526200011,0.93623878365783075
-0.48469769505313459,0.41105394931210781
-0.45191431636937196,0.69206377583536416
-0.68875497837641797,-0.36592150413902136
-2.1855072968005538,-1.5554440725064427
1.8262664985368302,1.2608502289838834
-1.1690370302831115,-0.29154582316529948
-1.6150739970896437,0.06010744622731732
0.79819479644681546,0.025658553065672374
0.97521492951965294,0.80307795477038768
0.29030332249513546,0.7835833787295049
1.1690260449515957,0.018895442193122072
0.41503389056341983,1.1684846932834192
-0.24663733816238134,-2.6925317164324221
1.2685887526996138,-0.13658853070340837
-0.066397437776940516,-1.9079405593618144
-1.4039379311748732,-0.73119829158860439
0.58533552380987286,0.0420244941976326
-0.15551398800111524,0.38318626908991538
-1.636349928251043,-0.85319262531691187
0.30329334159071469,1.3770340822457827
0.34866036192364935,-1.1153183601317627
-0.36100115122597126,-0.18912110858928258
2.146701952842204,-1.2090387266344713
0.61973043765245051,-1.1167216863593696
0.16796999768524715,-0.87099043654186037
-0.44062289263006371,1.1345678517801845
-1.2127656704200407,0.59950260524507537
0.15481451499606619,-1.0397805822277808
0.84629892291431974,-0.76513952148736786
0.016092570061244746,0.29493195282162754
1.5501005760218682,0.72080362060986625
0.10843761161593467,1.2818300467995738
0.92178415327316643,1.5903254699077884
-0.34030895109783954,-1.1774560811464367
0.32533042551011049,-0.25319523604943206
-0.49508182030876857,1.9845770780364977
0.05668673718002129,1.2694572265091042
-1.3491409105278862,-0.079445554977266145
1.3491194324792548,0.20994339246901852
-0.97789759580563718,-1.2574359410544516
0.60108353643788648,0.86740331530677073
1.4129545052590944,-0.60951544992444617
1.4472608847780721,0.42399106822170912
-0.59721074414019293,0.96296562568380628
0.31023676466756628,-0.39380754825434144
-0.91092436038990277,-1.8396690382425054
0.92904759159954986,-1.8313671212310239
1.3633043555016222,-0.19915495191757288
-0.074636928993788862,-0.42712498483967859
0.68863204004792844,0.42725837633217234
-0.31390187554563553,-0.84735834811360577
1.2583590730546514,-0.2620249770361312
0.44365713554466296,1.1487782165652218
-0.84702041453316057,-1.0680692141492891
-1.0890881049555745,-0.12698811769568422
0.48812250949315589,0.11475493023064563
-0.049201265889905178,-0.9822906517279979
-0.16423797142140173,-1.6658896521359823
0.35936818081137328,-0.1747415442409482
-0.070652081674121375,0.44212584428577995
0.98412101677676633,1.0625112591819037
0.84618706478115857,-1.1237660034988941
-1.6621117014392206,0.33638523759125188
0.45532295376961762,-1.5457874167650343
0.40547655157341217,-0.51551933644251291
0.16487163238646052,-1.9324199135518401
-0.9529190989847508,0.64952218699178133
-0.45924212103690842,1.1556020211307232
0.037419285453554899,1.7279652128234326
1.2604310936856538,-0.47702858504660817
0.51255586135660025,1.1739334517122444
-0.99390607108927076,-0.060114123341802855
-0.84374879637500477,0.58371773333496557
-1.2831250878215856,-0.095964618937811108
0.39201455065571356,-0.37945168254100869
1.8172910744755013,-1.3842487681560256
0.22812724955233432,0.42902859040208641
1.1749951786073611,-0.88663141150062941
-0.28513885106160136,-1.6835594340273177
1.6971850157586339,0.40838859576806152
-0.51636526605890187,-0.90791360024848056
-0.71946940938043513,0.79347381939362283
-0.57509976973935029,1.0238261355350344
0.75167393664767024,0.26047999086041623
1.2359873075910557,0.68307835153040064
-1.6034685552783552,-1.0078092555093023
2.088010656929292,-1.6763216901599718
-0.81252142034378771,0.68431175601701022
-1.4117081283666177,0.76409532217823684
0.39679787446604065,0.59896017063437501
0.27853789593481221,-1.8919983699243601
-0.47013868459708874,0.58612401527920899
-1.4659664394721383,0.4268217193877748
1.3337096593735134,1.4561262214662145
-0.033509722434597003,0.095885079616303701
-1.1900744330646453,-1.062248088368658
-0.22010677286331873,1.4578598072942728
-0.24237877105275951,0.15460998460713324
-1.445081757361997,-2.869752408117102
0.69160069367609123,-0.32443383096690614
-0.38049013093484629,-0.44050708561226348
0.29640408070087138,0.30383309436575784
-0.92312427568320277,-0.61401490084907284
-0.3604422366145405,-0.11479223192769636
1.7683191189442611,0.033189366031563063
1.0981633701037601,0.62368512929018738
-1.3202349403081461,-0.6877772068796123
0.63093044463273062,-1.2834716914881421
0.65911460442231817,-2.0769996310472001
0.31673051611860714,0.17609025108701515
0.24777274486417794,-1.3193646329493263
-0.46368967045594739,0.32716829866967312
0.54498996447046144,-1.2089014389569659
-0.30657576423894467,-0.24879323797082695
0.81501010534353702,-0.62892937003948046
-0.38988806482703647,0.25575785431216613
-1.5696647674102824,0.077192343871581012
-0.85149782654439143,1.1741009139214473
0.096477441143063961,0.5124112694310452
0.46067656684107622,-1.1682112127837874
0.96600182354807274,1.0166478131227061
0.87334392349290568,-0.69403643238068768
0.48091000964255537,-0.86587812627903049
-0.8771403283792033,0.49621739661146236
-0.34844190834662614,0.21039132008568184
-0.33124601406522136,-0.23274067336892573
-1.668547770565858,-2.1250007754946245
-0.25221816042131401,-1.7939096078197707
-1.6856774968229005,1.2533524070292374
1.1295442821830235,-0.12627374998887655
2.0814668847360736,-0.63284746276937887
-0.7078121035416377,1.1462763281326855
0.11442853770787881,-0.18127021031995147
-1.082897329492422,-0.37682182391606428
-0.16048143953329685,-1.0641554728618714
1.4899985619479144,-1.0640738376588943
0.81462027665348824,0.13722949494240474
-0.82389050449072831,1.2034242530822115
0.4850082802847594,1.50029036829582
0.83072760288027292,0.56580861726138088
-0.076548919651500652,-0.23768157378566393
-0.25206495277621743,-0.018605863984626811
0.71103577502329318,-0.6723903527866022
-2.1262768731421962,-1.1656830676686829
1.3073581648249257,0.53572688546350367
-0.043113679050639488,-1.8696866909617913
0.89901959405945764,-0.88238055394433512
-1.5416816878098809,1.9934123197235967
0.29824117944659218,-0.34247542333858272
0.41687939788622902,-0.12912931682682682
0.37565686808099197,1.4185333586925584
0.98668656557459278,1.3024248028972647
-1.9543735800488109,-0.5780966781222171
-0.91652507842441922,-0.51518603676585895
1.6781496649319838,-0.23783234235435474
0.48311092243693921,-1.9806559843985458
-1.1251563731158292,0.60847263355094239
0.83880947171453391,1.0536100235124515
-1.5228659846194008,-1.0482256057819361
0.65709151266744215,-0.1572599654931249
0.13000078736820037,0.7992699345162172
0.29297934879504467,0.16237527058563705
-0.5346206431167615,0.67606754185745255
0.76133148760241853,-0.099371318913883178
-0.71697040566057291,-0.19585663691452551
-0.56526162676708203,0.18984171880687176
-0.48424546648192462,-1.1399711802593828
-1.2187748739953688,0.1895993020823841
-0.4716650320350852,0.38552865452172613
-0.011631590240216828,-1.9881085120371165
0.055418199973569685,0.6682570635378976
-0.27614335690587732,-0.43244616515140022
-0.34065615397559584,-0.80815525010351674
-0.078813769924685778,0.7787796081749031
-0.73787379888771809,-0.37734505481717068
-0.50539646087376555,-0.90544966557965856
-1.6422813983939619,1.0766825952923793
-0.92689597532102896,0.6770111848491569
-0.11479932461895268,-0.51237786567463628
0.041925426101575979,0.49184912551737747
-1.3201128715141617,-0.27485855485763133
0.41951579006762274,0.13899163577156601
-0.59822686680495563,-0.086005579984644143
-1.0994344400645264,-0.79957911878521282
0.81363205647161518,0.29188738583545881
-0.65587079767710199,-0.97791402705435615
-0.92902059435299367,-0.90985416022060561
-0.08944452101533483,0.14310399764534715
1.0599074541307756,-0.18936230837856358
0.48873754150216658,-0.23042560029726566
-1.1199527391014577,-0.65801599610849693
-0.93097103921826441,1.3843965200880204
1.9873291087334011,-0.5264972340539702
1.2917658819831594,0.050808335259555963
-1.1888271842996403,1.8379440549706438
-0.26162718654996164,0.26600918314594602
0.31843566238299881,1.3913979388384712
0.45059299841176786,0.0083626791526380667
0.56612768433626626,-0.23655873050794363
0.30200507299221813,0.46010262324479562
-1.186234938483067,1.214188087238385
0.03465418845349668,-1.0822698519894385
-0.060692117689581396,1.1974270299457292
-0.68581396141631989,0.55062915141532731
-0.16497704128666518,-0.67181398807675352
0.59526661961306182,-1.4851412262701913
-0.35825840539082887,-1.1117534186802165
-1.3498949562429738,0.78514042382845706
-1.083573542296655,-0.8813915994510324
0.92178063189482373,0.49687613944603487
-0.044836421513936187,0.24916647364718988
0.081395793095375368,-0.28974372176506963
-1.6581782569941501,-0.77951239557195373
-1.3858931918278055,0.56642036120521155
0.43425828434916858,1.4270062308431812
-0.26491118814224346,-1.1062513095622404
0.23364555970571635,-1.1053878111548134
-0.53785276656460979,-1.5098171964014544
-0.88786329506962747,-0.29026951405964263
-0.73255111013481078,-0.78171263596247198
0.20168191297050567,-0.86890638771666628
-0.42984664936291483,0.19330471342762534
0.018251985209335631,-0.64852208855581106
-0.38305524296340049,-0.53703174629303341
1.2649138123179804,-0.25235062738028752
-0.26838738763147285,0.32851992554164361
-1.1859817534182719,0.015040388092186458
0.90061039687938749,-0.097567180842652187
1.1052809111414559,-0.064388585856670538
0.18060738400868048,-3.201857751368836
-0.59445210698229378,0.11851585246061785
0.44907952189358524,1.3555551325877704
0.68208293001543985,-0.69450200049372945
1.257624334191265,0.35773723985339079
-0.36975778115731744,-1.6850093365532079
-0.45949796846019786,1.4124958734759323
0.73260569092011552,0.77390981249593793
0.29533874796587839,-1.871383152984291
-0.50080271012279354,-1.6136386728419363
0.50986284610715371,-0.98443090116541154
-0.88727901132654918,-1.0426109224037601
-0.84586241948528496,-0.51244434192181254
-0.32335541513175736,-1.9995423825572101
-1.2613657086281747,-0.15866126924051085
0.332800350587658,0.29962519445979757
0.72091001652098696,-0.61597517702977411
-1.1295764172880312,-0.15680148881338898
1.9876858995802797,-1.0592063689477804
0.93374673393580043,0.55517803047438807
-0.10087645995442357,-1.7180701946578574
1.3067466865925084,-0.23899959226918474
1.7136654789308086,0.53836041740506291
0.22000498122958914,0.34544572019716319
0.61747824684183072,-2.0560237149775067
0.14858614399865824,-0.20005630910234889
-1.1526785139606208,-1.1998757986927757
-1.4034878927376082,0.65536818405981356
-0.051524208460428593,1.4255360186600743
1.509023763831234,-1.03645045627624
0.86981057660383476,0.75415553444766892
0.65983083951839194,-0.26549408450401474
-1.417414178319629,-0.83549994163075414
0.78130600259430172,-0.61598641973056545
0.23037420286836405,-0.87434648443203022
0.077602380379911351,0.10310634596982883
-0.37953841102690306,-1.7737476634174345
-0.96067326215332993,-0.47813288086292483
-0.11610143817936634,-0.40030494480550038
0.080673084265938583,0.52731899038718244
-0.23156651773045844,1.8623929939830186
-1.1319695037174717,-0.24891997999184806
-0.58966765540394706,-0.60647570678959528
0.9084929741920551,1.5789516598358908
0.65966987332579285,0.9768351354913607
0.70299965041596257,0.64140944668717903
0.47081115839954968,-0.58941725045125415
0.15351977686137541,-1.1065243978470962
0.20302333505279549,-0.40419615241271534
0.88581760789274022,0.27968078945515368
0.6150674095056754,0.80106935533608237
1.4263901677734643,0.22080090897014668
-0.65129170103121858,0.68101331349746486
2.5826130060226893,-1.356680994141257
-1.6411639844792063,1.4002186071846021
-1.5271250932187295,0.65350285515401707
0.18756544432559882,0.26411370296202463
-0.24470203039750485,0.51817439685575262
1.049042984932552,1.0598236995466495
-1.8696802208227061,1.9944154296892647
1.7543056231729781,-0.90833409994647019
0.38883824205315481,-0.12353349985858418
0.188043489077274,0.10829107409346306
1.2990506352994424,-0.49567482947714936
0.38001233361541392,-1.5327476937374052
0.51313873280903466,-0.49381176598001508
1.0810026644696826,0.61228097863676789
-1.4744754396107962,0.65253611604407735
0.077922635454611422,-0.035330181657822861
0.33416023259504885,1.0238489232371553
-0.29398090998677939,0.36214701285757733
-0.61278714593383965,-0.2983168788644826
-2.0947295258611183,0.52099781224609321
2.0081182828581419,-0.43974622819124065
-0.19689520412162001,-0.83264323208814783
1.3661116859776976,-0.068459294928073094
-1.0217385949414699,-0.86070296775520538
1.9094861670936645,0.64608540318409724
0.8298001072060005,-1.5518716468701799
-0.61062474187867699,1.0505207260964928
0.47531614293130769,-0.58824343905591059
0.99345384375759183,-1.1623826585604808
0.80301635835425622,1.8375298775119935
0.72227550242484984,0.66894437248109972
1.1107453380679924,-0.60500604082927756
0.26848380689950574,-1.4114599868935458
0.38658260764497571,-1.1971064363031898
-0.49583103590252653,-0.61714651546509158
-1.1820806867388138,1.0063499380610408
0.2659268288814236,0.94788167568378978
0.49139767643705617,0.9456109037919106
1.7874820479455338,-1.0978005858078212
-1.4058992989478134,1.5260780986971716
-0.11997587676615053,0.09169306682291041
1.8734807596789818,-1.8439739032363298
1.1080579807572333,0.28889404876428676
1.2681715088087575,1.1866733347219671
-0.48238408697749152,-0.71230341347279547
0.70876002129898041,0.77290818556911933
-0.15447477871091722,-0.63672165085047649
-1.4443666438000475,-1.1977155967273747
-0.91032418811870308,1.413644607217952
1.3023225583666727,-0.10111246528699973
0.69798944916366479,-0.6784904003164236
-0.23907941629719456,1.4010029369264732
2.6064037255198143,-0.16803840320177355
1.1402518051952109,-1.1554109728986015
-1.9198240057006544,0.074832591305948146
-0.1706601652426431,-0.52503955584326745
-0.57810964852719715,-0.052214980056145922
-1.1208411398190306,-0.8098592600247807
-0.57892977018066805,-0.61771337323239595
2.0631960453086253,-0.48147033801657574
0.67147173576797536,0.49151171444745462
-0.51564920166638273,-0.33209422445307374
-0.17588999310815631,0.16795798385278471
0.97092055036010172,-0.0076010626152544182
-1.1266286965575805,-2.3744633250459968
-0.87053739574087319,1.9706554735055457
0.021182504058348896,-1.4961435789138386
1.0358405213289628,-0.41244923953237839
-0.55940908124492794,-0.26629449359324348
-0.41614403899184976,-0.89133479541906668
-0.85992510230272567,-0.40863149849252678
0.64900306489441195,1.068863810813856
-0.78750961160649491,0.35659670394653986
-1.0671989773730393,1.2182510882589415
-0.64676026583533119,1.0422041950778471
0.078526210547028005,1.3031593560278645
1.2387493056241865,0.16440515178046339
-0.25222004633312806,0.25483078645243351
-0.19041868762942588,0.51955919933506156
1.1660118128802528,-1.1853468844480235
-1.9794468273430863,1.9766299129740272
-0.30191028653163871,0.20916534568554448
-0.099826446861425333,0.73017961963822686
-0.77342034640594493,1.8063465458781833
0.48026218067000676,-1.158633460701795
1.7683902326162919,1.1959989477488249
2.1609291230547854,-0.38546697495493487
-1.4168746466935518,-0.63104559966696394
0.70836304339324718,0.30897894969263073
0.094140274527541368,0.084675166710723906
-0.34430117641510122,0.4108938353492268
-0.53877906370016138,-0.3786681507868
0.89614735679303625,-1.4909834618472535
-1.8311681644734226,-0.76084419353750787
1.3215544213403305,0.6926551549407296
-0.88367985042789943,-1.2296905412743011
0.13163587041829627,-0.46032275162967012
-1.13116643070246,-0.52963134179575322
-0.027123789364478387,0.28779045922769009
-0.18965037887148983,-0.73038968799210557
-2.5625985108507781,-0.19002508978983337
1.4221736371777165,0.43200171225679224
0.23889227450022429,-0.62158235466572964
0.24496086439584136,0.13477877951509359
-0.92243968764720263,0.40533650307298935
1.0748828505921295,-0.26678861776333496
1.2139648153034566,-2.2965524672118494
1.8340961394026816,-0.0007570002905790765
-2.1121494206436866,-0.082875580430109841
-0.48901065097613977,0.44076651743968487
-1.2101112121823243,-0.7352422565056741
0.64243585567291872,-0.42860296249072066
-0.46613044727262803,-0.93267918432939345
-0.5677911622231453,-0.38505764019040006
-1.1082625624946516,-1.8981293723734665
-0.3734634115520194,-0.3906194824817108
-0.77464089060317198,0.92458625605792177
0.6326752334669008,-1.4164171749245382
-0.97281116721284466,-0.36533699949055071
0.34413539249314073,-0.66812373268736736
-1.186645849445328,-1.054446815276745
-2.1033789515646997,-0.63167179274329965
-0.44129022530966922,0.67403520920616844
-0.76979147350816224,-0.69704925284433394
0.33193832036612536,0.82264782456913188
-0.8124801707078193,0.50956225530422727
-0.82728091767546452,0.21992397024094662
-0.52487122611719739,0.73957007833661004
0.7798965267393777,1.7215055037325955
0.37836276118359535,0.89258314624001034
1.5049303163170733,-0.097102582172078344
1.7964128873491998,-0.98707656354934825
0.07632461925910676,0.69416912402885655
-1.2874851879953515,-1.6980927324027855
-1.1127170092307468,0.83566088339886402
0.87734293409729669,-1.1465449384799185
1.5396216653821935,1.4802761755836902
2.5076724225343257,-1.8099849275332229
-1.5562053562354343,-0.05600767371737865
-0.59947984022007428,-1.171147588497923
1.7018496617895502,0.65876607540886545
-0.79135194861981584,0.40814061541655916
-0.67171685930052116,0.54409887442154903
-1.6209253830272958,0.67320791949951631
-0.33389097766525255,-0.97700635072799169
0.056890103739572997,-0.52975682689180881
-0.62368907929832096,-1.1598984019182463
1.3333153699417546,0.67064853187779294
0.95219421939121529,-1.5164973127330508
-0.59040812907467921,-1.0389322435740649
0.17378978829539862,-1.4737363355552924
1.3127744141512128,-0.95968523633972103
-0.40333515426504757,0.77897716839428288
-0.36205123035999465,1.0613886195399085
-0.10087959887219872,1.8653761944656897
-1.4665631343512229,0.76953139186078334
-0.94574469404728001,-0.71725708620875006
1.0454661623336685,2.0990863116689189
0.14313307279154602,0.88578674720387607
0.308962244167033,0.38819844792880015
1.4321603904867122,1.1279564426091133
0.34250536748569194,0.029852006982890526
0.16352502513104208,1.1056716666321127
1.3256439210128923,0.81014654261460561
-0.45966425540199579,-0.64760968243321926
1.52627397019928,-0.85185358830279401
0.51844960840612775,-0.0942937656470378
-0.88169254531123642,1.2411264343897521
-2.3148490796979759,-0.10958149047393638
-0.23303219694671787,-1.246171956692177
-0.12115165012568659,0.14907465032660613
0.52914769227339542,-0.033174964586985906
1.3476895523319445,0.33013273494968826
-0.93969371885552333,2.0389183958434454
-1.284805069103609,-0.48135802506433778
-0.83491289682988623,0.60214743832129869
-1.5510286469004995,-0.93569727417496162
0.99645605846822249,-0.64259890146466603
-0.036566704717975615,-1.3514222535205118
-0.2310030972496519,1.8464787062174852
-0.58315720808448102,-0.5042672301324217
0.52400225909923581,-0.30404281202606087
-1.1399914791561572,-0.43009387296075641
-0.76663878660304086,1.07292462562025
-1.0847970992728104,-0.70324572264857166
-1.5381548300841104,1.5266069537119706
-1.1843531314508142,-0.5201289443616931
-0.56109319891452392,-1.3989481109036188
-0.23844747598389776,-0.67882486570542011
0.38528778105866607,0.52510682124697527
0.55214388962507055,-1.2700583957844345
0.52573386769985009,0.2415665402683673
-0.26894358260106316,-0.22980479733155432
0.85508574960276595,-0.65541903611133812
1.7330337554225725,-0.43992180577714746
0.69557337592916335,-1.9260500122981898
0.41503810637494226,-0.24000608356351646
-0.27138924767287942,-0.63933560890066943
0.3984719056004552,-1.2784414271639792
2.4824827987807292,-1.6429753703804888
1.8039554356946184,1.8173329964779477
1.5177014709563599,-0.37383229309874955
-1.2369292566541059,1.3339224179678946
-0.10417711233813737,-1.4417074982221598
0.076170836159933489,-1.1442664516750374
0.13926843330476865,-0.50182768114985843
1.087835979221669,-0.18988317422088466
-1.0260311907736168,0.24181554760018337
-0.12305824715997124,-1.4762567279176562
-0.11709435784396455,2.4356466921307347
1.173718941710987,1.0396570771936169
-0.52110874943351548,-0.62778763039511243
1.169776391344121,-0.20406624082731192
0.53742064859892658,-0.90601463070504562
-0.74324155920563728,0.060943340283280842
1.4141512921557142,-0.80584708639535252
0.67670625029875264,-0.48090791723330983
-0.31056820377961208,-0.89113426728586442
-0.53343676967466058,-1.1817521347177788
0.87946596812707944,-1.3067179984270014
0.78822878031906762,-0.4995780827120983
0.86761022394558129,-0.14281331935687497
-0.7391374492709587,-1.0477452738886011
0.1422770842484278,-1.2945695386318812
0.08881427827660833,-2.3162782510628195
0.54218436851155338,0.5156694823225717
-0.11553611318790814,-0.97731076629760294
0.61745592083011314,-0.22313226210848225
0.58385005524642652,0.57230115512928803
-0.28177014079440099,0.67220026788933773
-0.46811358654765917,-0.86664692844483615
0.9520408703778025,1.6181847478631186
0.52607635211520865,-1.2219236682251908
0.70995667555328867,0.13876431634254552
-0.54457177606740659,0.71707734147555391
-0.81087264643313206,-0.15887886053657771
0.65004163879654697,-0.49494619341910029
0.90257276513643947,-0.57868310233934184
-0.76874421768086443,0.96052513755451741
0.2715391159431445,-1.0168344804183007
1.4558251737365511,-0.089899872170072767
0.88546032300225397,-0.49287000614975546
-0.0084143521967370849,-0.7608619962345341
-1.2340563211491793,-0.72994853469945153
-0.069157050618270113,-0.76279799839810558
0.52000900691086038,-0.05914477268077506
-0.25085360987132066,0.93938296169530311
-0.026434079810479492,0.20290461133511797
1.0103420113631145,0.58434767857675107
-0.76629140096936232,-0.60945073358498791
0.56395491565597999,1.2848964153968645
-1.336230166531956,-0.343190473087708
-0.49193862106174974,-0.73934471935696389
-1.082459241014849,1.7360534665580409
-0.52921863190323259,-0.3126266038356591
0.40307830906590381,-1.8983825465388544
0.029110565586960235,-0.17821437353440192
1.4782219995274857,1.1031756133857413
1.1627005322212944,0.19275458957698841
-0.98774176023201166,0.17680492741440781
-0.74292139621294961,0.4359406223135775
-1.3809501983658967,-1.9112327914542724
0.19014175554440879,0.53225385793086122
-0.098224666875528249,1.5013322168354626
-0.051167275402568262,2.2821073173124371
-0.97661344709660369,0.64002969259841447
-1.0309723482756743,-0.38750474255651141
-0.46288701908537327,-1.1291536217731013
-0.80095207543446523,-0.20026059672874597
-0.30405272293417529,0.16344886226933653
-0.47112634855945529,-0.17551901234403852
0.038379979520591599,2.2757799676670327
0.094669895105199367,0.066263830697736448
-0.26061021879070878,-1.0682504116755969
-0.11618892471937536,0.49252846178557108
-0.32771684119300959,1.1191079205324581
-0.16252007616872352,0.56705232619249746
0.95157948517879143,-1.2561535870779528
1.34791712472734,-1.1944531304365984
-0.048153535810934692,-1.3860759384449877
-1.6108466237972152,0.52345925076200095
-0.7073582459219443,-0.74563448227129525
1.4427905826475798,0.076870390154331489
-1.186376267567365,0.67300199498911406
0.66149476353468606,-0.56104563995258006
-0.30656926824289443,-2.9253169420600345
0.23750016056231893,1.6171306346761771
1.6337810845593674,1.9345340171057841
0.56548357451458287,-0.53378603663789437
0.87115700368708593,-0.18219386918243421
1.5808572811035959,-0.67450907525553216
0.37544375139586844,1.504080069459687
-0.92912811432305897,-1.6565877695952913
-1.6005570179842499,-0.74623186310685274
0.41797556119386275,-1.2230565302872751
0.23796434946022196,0.68882604754105703
1.0090937135109666,-0.060129484412023836
1.2749376288240273,0.60624025884397548
-1.215458534499356,-0.16263455434191115
-0.91958931284903922,1.3840075314884364
0.16957043374750536,1.0300911738007759
-0.27267433532035007,0.34040055657693391
-0.16190909129315689,0.81341031591143564
0.47468689655527924,-0.070226684305812165
1.3781352384163645,-0.66097978417871694
1.1640312217298867,-1.3994640811442705
-0.7572928210427976,-0.18799634200858639
-0.94376810553287249,-0.79221976343168454
-0.017786856424140025,-0.55741143543335514
1.1404238267222528,0.85794662915747066
0.97300570065908465,-0.13870019979386802
0.80620075107013789,0.89255383375317288
-1.1131602667465808,2.1842938773792255
-0.71387036548435945,-1.7999182940254481
0.93433473656461385,1.7851942452826206
-0.57466912925506308,2.2495628937219507
-0.32869790474599109,-0.72663829018183645
-0.85838181378389211,0.95286525407439937
1.0753169033941004,-1.3401962773825145
0.62014170140292968,0.038062665777061258
-1.8003111114702139,-0.25264607409617768
0.37922238788021118,1.0127810489791662
2.109307601996091,0.0066187624876571042
0.44647803896232036,-0.071200640091073158
-1.4793985255561721,0.73826321149686247
0.50498106755927374,-0.57360194835566392
0.90904833361432191,0.016673100409731471
-1.4250806134955465,0.93538253801026483
0.55869715864949376,0.52286639112472599
-0.097456753797523873,-0.39441074632641687
-1.3392836743477283,-1.6422612664729106
0.51755225480801514,0.36551459209816944
0.39249958644897248,1.4522712501585175
-0.72087890785206143,0.74536814526757234
-1.5998589536560608,1.2466933637699731
-1.4009249296352861,0.87814401426914657
-1.6832755549507703,-0.7269506982001338
0.81303643933341541,-0.42060713381515941
0.39127100720973168,1.8708792201420388
0.056570292865836209,-1.4387892462217193
-2.1145128950165,-0.37879984321021487
-1.3058583729932653,-1.5035781288197216